,Unnamed: 0,userId,rating,tconst,imdb_rating
459650,459650,89300,0.5,tt0052286,2.9
494045,494045,255433,2.0,tt0053213,3.0
494046,494046,266625,1.5,tt0053213,3.0
553494,553494,148108,0.5,tt0054240,2.9
553496,553496,155122,2.0,tt0054240,2.9
553502,553502,194094,1.0,tt0054240,2.9
553503,553503,210119,0.5,tt0054240,2.9
944817,944817,11220,0.5,tt0060753,2.6
944819,944819,19264,1.5,tt0060753,2.6
944829,944829,41378,0.5,tt0060753,2.6
944839,944839,71057,2.0,tt0060753,2.6
944853,944853,87435,2.0,tt0060753,2.6
944864,944864,100838,2.0,tt0060753,2.6
944890,944890,147512,2.0,tt0060753,2.6
944891,944891,148093,2.0,tt0060753,2.6
944895,944895,154168,2.0,tt0060753,2.6
944902,944902,166939,1.5,tt0060753,2.6
944924,944924,201420,2.0,tt0060753,2.6
944953,944953,243203,2.0,tt0060753,2.6
952220,952220,2384,1.0,tt0060956,2.5
952221,952221,3437,2.0,tt0060956,2.5
952226,952226,6109,2.0,tt0060956,2.5
952227,952227,6222,1.0,tt0060956,2.5
952229,952229,6893,1.0,tt0060956,2.5
952231,952231,7609,2.0,tt0060956,2.5
952234,952234,8233,2.0,tt0060956,2.5
952235,952235,9348,1.0,tt0060956,2.5
952238,952238,13177,2.0,tt0060956,2.5
952239,952239,14512,1.0,tt0060956,2.5
952240,952240,15038,1.0,tt0060956,2.5
952241,952241,16220,2.0,tt0060956,2.5
952242,952242,16481,1.0,tt0060956,2.5
952244,952244,17884,1.0,tt0060956,2.5
952245,952245,18466,1.0,tt0060956,2.5
952246,952246,18987,1.0,tt0060956,2.5
952247,952247,20159,1.0,tt0060956,2.5
952252,952252,23917,2.0,tt0060956,2.5
952253,952253,24217,2.0,tt0060956,2.5
952254,952254,24362,2.0,tt0060956,2.5
952255,952255,24998,1.0,tt0060956,2.5
952258,952258,29980,2.0,tt0060956,2.5
952259,952259,30333,2.0,tt0060956,2.5
952260,952260,30494,2.0,tt0060956,2.5
952261,952261,30694,1.0,tt0060956,2.5
952262,952262,31819,1.0,tt0060956,2.5
952263,952263,33051,1.0,tt0060956,2.5
952265,952265,34060,0.5,tt0060956,2.5
952271,952271,41113,2.0,tt0060956,2.5
952272,952272,41260,1.0,tt0060956,2.5
952276,952276,42623,2.0,tt0060956,2.5
952278,952278,43245,1.0,tt0060956,2.5
952279,952279,43687,1.0,tt0060956,2.5
952280,952280,44193,1.0,tt0060956,2.5
952281,952281,44639,1.0,tt0060956,2.5
952282,952282,45529,2.0,tt0060956,2.5
952283,952283,45811,1.0,tt0060956,2.5
952286,952286,46909,2.0,tt0060956,2.5
952287,952287,48340,2.0,tt0060956,2.5
952288,952288,52420,2.0,tt0060956,2.5
952290,952290,53393,1.5,tt0060956,2.5
952292,952292,54200,1.0,tt0060956,2.5
952293,952293,55013,1.0,tt0060956,2.5
952296,952296,56509,2.0,tt0060956,2.5
952299,952299,59449,2.0,tt0060956,2.5
952300,952300,60010,2.0,tt0060956,2.5
952302,952302,63007,1.5,tt0060956,2.5
952306,952306,68149,2.0,tt0060956,2.5
952307,952307,68403,2.0,tt0060956,2.5
952310,952310,69903,1.0,tt0060956,2.5
952314,952314,72239,2.0,tt0060956,2.5
952317,952317,74275,2.0,tt0060956,2.5
952318,952318,74699,2.0,tt0060956,2.5
952319,952319,75781,2.0,tt0060956,2.5
952320,952320,77525,2.0,tt0060956,2.5
952322,952322,78809,0.5,tt0060956,2.5
952324,952324,79222,0.5,tt0060956,2.5
952329,952329,84145,1.5,tt0060956,2.5
952330,952330,84359,1.0,tt0060956,2.5
952332,952332,86587,2.0,tt0060956,2.5
952333,952333,86664,1.5,tt0060956,2.5
952334,952334,87147,1.0,tt0060956,2.5
952336,952336,88936,2.0,tt0060956,2.5
952337,952337,89093,2.0,tt0060956,2.5
952341,952341,96099,1.0,tt0060956,2.5
952343,952343,98109,1.0,tt0060956,2.5
952344,952344,99489,2.0,tt0060956,2.5
952347,952347,101544,1.0,tt0060956,2.5
952348,952348,101990,2.0,tt0060956,2.5
952350,952350,107720,2.0,tt0060956,2.5
952351,952351,108101,1.0,tt0060956,2.5
952352,952352,109327,2.0,tt0060956,2.5
952353,952353,111659,1.0,tt0060956,2.5
952354,952354,111743,2.0,tt0060956,2.5
952357,952357,116624,1.0,tt0060956,2.5
952358,952358,117586,2.0,tt0060956,2.5
952361,952361,119510,1.5,tt0060956,2.5
952362,952362,119964,2.0,tt0060956,2.5
952364,952364,122600,1.0,tt0060956,2.5
952365,952365,122940,2.0,tt0060956,2.5
952371,952371,126252,2.0,tt0060956,2.5
952373,952373,126776,1.0,tt0060956,2.5
952374,952374,128291,2.0,tt0060956,2.5
952376,952376,128408,2.0,tt0060956,2.5
952377,952377,128562,2.0,tt0060956,2.5
952378,952378,129326,1.0,tt0060956,2.5
952382,952382,132062,1.0,tt0060956,2.5
952385,952385,133969,2.0,tt0060956,2.5
952387,952387,134210,1.0,tt0060956,2.5
952389,952389,137116,1.0,tt0060956,2.5
952391,952391,138498,1.0,tt0060956,2.5
952392,952392,140617,2.0,tt0060956,2.5
952394,952394,141758,2.0,tt0060956,2.5
952395,952395,143296,2.0,tt0060956,2.5
952397,952397,143809,1.0,tt0060956,2.5
952404,952404,146263,1.0,tt0060956,2.5
952406,952406,147586,1.0,tt0060956,2.5
952407,952407,147611,2.0,tt0060956,2.5
952408,952408,148232,1.0,tt0060956,2.5
952409,952409,150213,1.0,tt0060956,2.5
952410,952410,152509,2.0,tt0060956,2.5
952412,952412,154010,1.0,tt0060956,2.5
952415,952415,157192,1.5,tt0060956,2.5
952419,952419,159516,2.0,tt0060956,2.5
952420,952420,162079,1.0,tt0060956,2.5
952421,952421,162511,2.0,tt0060956,2.5
952423,952423,164792,2.0,tt0060956,2.5
952426,952426,166605,1.0,tt0060956,2.5
952427,952427,167075,2.0,tt0060956,2.5
952428,952428,167415,0.5,tt0060956,2.5
952430,952430,167809,1.0,tt0060956,2.5
952437,952437,170983,2.0,tt0060956,2.5
952438,952438,171039,1.0,tt0060956,2.5
952439,952439,171188,2.0,tt0060956,2.5
952441,952441,172480,2.0,tt0060956,2.5
952442,952442,173454,1.0,tt0060956,2.5
952443,952443,174157,1.0,tt0060956,2.5
952447,952447,179792,1.5,tt0060956,2.5
952448,952448,180066,2.0,tt0060956,2.5
952454,952454,185074,2.0,tt0060956,2.5
952455,952455,185559,2.0,tt0060956,2.5
952458,952458,187885,2.0,tt0060956,2.5
952459,952459,188406,1.0,tt0060956,2.5
952460,952460,188457,1.0,tt0060956,2.5
952463,952463,191162,2.0,tt0060956,2.5
952465,952465,191836,1.0,tt0060956,2.5
952466,952466,192313,2.0,tt0060956,2.5
952467,952467,195627,1.0,tt0060956,2.5
952470,952470,198290,1.0,tt0060956,2.5
952473,952473,198908,2.0,tt0060956,2.5
952476,952476,201225,2.0,tt0060956,2.5
952477,952477,201345,2.0,tt0060956,2.5
952479,952479,201857,1.0,tt0060956,2.5
952481,952481,202098,1.0,tt0060956,2.5
952483,952483,202575,1.0,tt0060956,2.5
952484,952484,202644,1.0,tt0060956,2.5
952488,952488,205436,0.5,tt0060956,2.5
952492,952492,210674,1.0,tt0060956,2.5
952494,952494,211576,1.0,tt0060956,2.5
952499,952499,214775,2.0,tt0060956,2.5
952503,952503,217520,1.0,tt0060956,2.5
952504,952504,217864,1.0,tt0060956,2.5
952505,952505,218022,1.0,tt0060956,2.5
952506,952506,219600,1.0,tt0060956,2.5
952507,952507,221031,2.0,tt0060956,2.5
952508,952508,221483,1.0,tt0060956,2.5
952510,952510,226597,2.0,tt0060956,2.5
952513,952513,230155,0.5,tt0060956,2.5
952514,952514,231103,1.0,tt0060956,2.5
952525,952525,237239,0.5,tt0060956,2.5
952526,952526,237489,1.0,tt0060956,2.5
952529,952529,239277,2.0,tt0060956,2.5
952531,952531,239994,1.0,tt0060956,2.5
952533,952533,243948,1.0,tt0060956,2.5
952537,952537,247374,2.0,tt0060956,2.5
952538,952538,247751,1.0,tt0060956,2.5
952540,952540,248458,2.0,tt0060956,2.5
952542,952542,250842,2.0,tt0060956,2.5
952543,952543,251204,1.5,tt0060956,2.5
952544,952544,251932,1.0,tt0060956,2.5
952545,952545,252771,1.0,tt0060956,2.5
952547,952547,254570,2.0,tt0060956,2.5
952548,952548,254738,1.5,tt0060956,2.5
952551,952551,257613,1.0,tt0060956,2.5
952552,952552,257718,1.0,tt0060956,2.5
952553,952553,258742,2.0,tt0060956,2.5
952554,952554,260489,2.0,tt0060956,2.5
952557,952557,263629,1.0,tt0060956,2.5
952558,952558,263927,1.0,tt0060956,2.5
952559,952559,264437,1.0,tt0060956,2.5
952560,952560,264977,1.0,tt0060956,2.5
952562,952562,265361,1.0,tt0060956,2.5
952563,952563,267230,2.0,tt0060956,2.5
952566,952566,267899,2.0,tt0060956,2.5
952567,952567,268144,2.0,tt0060956,2.5
952568,952568,270213,1.0,tt0060956,2.5
1042299,1042299,28472,2.0,tt0062035,2.7
1042302,1042302,148108,0.5,tt0062035,2.7
1278919,1278919,24432,2.0,tt0064338,2.9
1278921,1278921,45908,2.0,tt0064338,2.9
1278924,1278924,70648,2.0,tt0064338,2.9
1278928,1278928,98787,1.0,tt0064338,2.9
1278929,1278929,100025,2.0,tt0064338,2.9
1278930,1278930,116068,2.0,tt0064338,2.9
1278931,1278931,122927,1.0,tt0064338,2.9
1278934,1278934,139811,0.5,tt0064338,2.9
1278935,1278935,142262,1.5,tt0064338,2.9
1278937,1278937,160270,0.5,tt0064338,2.9
1278941,1278941,222811,1.0,tt0064338,2.9
1297676,1297676,268930,0.5,tt0065470,2.6
1740920,1740920,13066,0.5,tt0072666,2.5
1740951,1740951,28670,1.0,tt0072666,2.5
1740984,1740984,44966,2.0,tt0072666,2.5
1740989,1740989,47995,0.5,tt0072666,2.5
1740999,1740999,59482,1.0,tt0072666,2.5
1741063,1741063,97636,0.5,tt0072666,2.5
1741080,1741080,110497,2.0,tt0072666,2.5
1741107,1741107,127791,1.0,tt0072666,2.5
1741113,1741113,131582,2.0,tt0072666,2.5
1741141,1741141,148108,0.5,tt0072666,2.5
1741148,1741148,152691,1.5,tt0072666,2.5
1741150,1741150,153802,1.5,tt0072666,2.5
1741170,1741170,165352,1.0,tt0072666,2.5
1741211,1741211,192702,1.5,tt0072666,2.5
1741226,1741226,201127,2.0,tt0072666,2.5
1741229,1741229,201559,1.5,tt0072666,2.5
1741246,1741246,209737,0.5,tt0072666,2.5
1741247,1741247,210119,1.0,tt0072666,2.5
1741260,1741260,219400,2.0,tt0072666,2.5
1741261,1741261,220601,2.0,tt0072666,2.5
1741296,1741296,243942,2.0,tt0072666,2.5
1741310,1741310,249027,0.5,tt0072666,2.5
1741311,1741311,249274,0.5,tt0072666,2.5
1936708,1936708,15038,1.5,tt0077640,2.7
1936709,1936709,48622,2.0,tt0077640,2.7
1936711,1936711,196196,1.0,tt0077640,2.7
1936712,1936712,255325,1.0,tt0077640,2.7
1957240,1957240,10979,2.0,tt0078778,2.2
1957254,1957254,32139,1.5,tt0078778,2.2
1957255,1957255,32140,2.0,tt0078778,2.2
1957278,1957278,74370,2.0,tt0078778,2.2
1957280,1957280,76025,2.0,tt0078778,2.2
1957287,1957287,85723,1.5,tt0078778,2.2
1957305,1957305,122068,2.0,tt0078778,2.2
1957313,1957313,136933,1.5,tt0078778,2.2
1957324,1957324,154080,2.0,tt0078778,2.2
1957328,1957328,165723,2.0,tt0078778,2.2
1957337,1957337,172480,1.5,tt0078778,2.2
1957344,1957344,179074,2.0,tt0078778,2.2
1957346,1957346,181389,2.0,tt0078778,2.2
1957350,1957350,186075,2.0,tt0078778,2.2
1957379,1957379,236944,2.0,tt0078778,2.2
1957382,1957382,238091,0.5,tt0078778,2.2
1957384,1957384,248730,2.0,tt0078778,2.2
1957392,1957392,258253,2.0,tt0078778,2.2
2367876,2367876,10635,2.0,tt0086987,2.9
2367878,2367878,13066,0.5,tt0086987,2.9
2367885,2367885,24976,2.0,tt0086987,2.9
2367932,2367932,84192,2.0,tt0086987,2.9
2367937,2367937,85434,2.0,tt0086987,2.9
2367944,2367944,97941,0.5,tt0086987,2.9
2367994,2367994,161294,0.5,tt0086987,2.9
2367998,2367998,166260,1.0,tt0086987,2.9
2368005,2368005,173866,0.5,tt0086987,2.9
2368020,2368020,188500,1.5,tt0086987,2.9
2368027,2368027,210476,1.0,tt0086987,2.9
2368032,2368032,217404,2.0,tt0086987,2.9
2368036,2368036,226112,2.0,tt0086987,2.9
2466879,2466879,51884,1.0,tt0088772,2.4
2466905,2466905,127791,0.5,tt0088772,2.4
2466908,2466908,139811,0.5,tt0088772,2.4
2466914,2466914,166007,2.0,tt0088772,2.4
2466918,2466918,174414,2.0,tt0088772,2.4
2466936,2466936,248506,2.0,tt0088772,2.4
2540605,2540605,5502,1.0,tt0090333,2.8
2540621,2540621,7570,2.0,tt0090333,2.8
2540623,2540623,7975,1.5,tt0090333,2.8
2540667,2540667,19829,2.0,tt0090333,2.8
2540686,2540686,25022,1.5,tt0090333,2.8
2540696,2540696,27023,1.5,tt0090333,2.8
2540704,2540704,28482,0.5,tt0090333,2.8
2540713,2540713,31549,2.0,tt0090333,2.8
2540740,2540740,37411,2.0,tt0090333,2.8
2540741,2540741,37828,2.0,tt0090333,2.8
2540752,2540752,40233,1.5,tt0090333,2.8
2540764,2540764,42794,1.0,tt0090333,2.8
2540781,2540781,45680,2.0,tt0090333,2.8
2540798,2540798,50962,1.5,tt0090333,2.8
2540827,2540827,58386,0.5,tt0090333,2.8
2540831,2540831,59449,1.5,tt0090333,2.8
2540856,2540856,66919,1.5,tt0090333,2.8
2540863,2540863,69187,1.0,tt0090333,2.8
2540909,2540909,79791,2.0,tt0090333,2.8
2540922,2540922,83546,2.0,tt0090333,2.8
2540930,2540930,84359,2.0,tt0090333,2.8
2540935,2540935,85458,0.5,tt0090333,2.8
2540938,2540938,86128,0.5,tt0090333,2.8
2540940,2540940,86343,1.5,tt0090333,2.8
2540951,2540951,88572,2.0,tt0090333,2.8
2540953,2540953,88895,2.0,tt0090333,2.8
2540967,2540967,92483,2.0,tt0090333,2.8
2541017,2541017,103534,1.5,tt0090333,2.8
2541051,2541051,110969,1.0,tt0090333,2.8
2541061,2541061,113486,2.0,tt0090333,2.8
2541087,2541087,122137,2.0,tt0090333,2.8
2541102,2541102,124420,1.5,tt0090333,2.8
2541127,2541127,130619,0.5,tt0090333,2.8
2541136,2541136,132062,0.5,tt0090333,2.8
2541159,2541159,136403,1.5,tt0090333,2.8
2541174,2541174,139660,2.0,tt0090333,2.8
2541176,2541176,139811,0.5,tt0090333,2.8
2541194,2541194,144375,2.0,tt0090333,2.8
2541201,2541201,146093,2.0,tt0090333,2.8
2541232,2541232,155633,1.5,tt0090333,2.8
2541250,2541250,159981,1.0,tt0090333,2.8
2541282,2541282,168608,0.5,tt0090333,2.8
2541373,2541373,187262,2.0,tt0090333,2.8
2541377,2541377,187871,0.5,tt0090333,2.8
2541400,2541400,192990,2.0,tt0090333,2.8
2541425,2541425,199731,2.0,tt0090333,2.8
2541427,2541427,200267,2.0,tt0090333,2.8
2541460,2541460,209072,2.0,tt0090333,2.8
2541485,2541485,215626,0.5,tt0090333,2.8
2541504,2541504,221204,1.5,tt0090333,2.8
2541507,2541507,222166,2.0,tt0090333,2.8
2541508,2541508,222361,1.0,tt0090333,2.8
2541586,2541586,240950,2.0,tt0090333,2.8
2541604,2541604,245311,2.0,tt0090333,2.8
2541609,2541609,246022,0.5,tt0090333,2.8
2541636,2541636,251892,1.0,tt0090333,2.8
2541688,2541688,263872,2.0,tt0090333,2.8
2541699,2541699,266645,2.0,tt0090333,2.8
2541704,2541704,268171,0.5,tt0090333,2.8
2541709,2541709,270123,2.0,tt0090333,2.8
2541720,2541720,37887,2.0,tt0090334,2.0
2541732,2541732,75142,1.5,tt0090334,2.0
2541735,2541735,86343,2.0,tt0090334,2.0
2541746,2541746,129554,0.5,tt0090334,2.0
2541753,2541753,162935,2.0,tt0090334,2.0
2541762,2541762,182617,2.0,tt0090334,2.0
2541766,2541766,212163,2.0,tt0090334,2.0
2541770,2541770,226949,2.0,tt0090334,2.0
2541778,2541778,251794,2.0,tt0090334,2.0
2635947,2635947,2203,2.0,tt0093300,3.0
2635948,2635948,2537,2.0,tt0093300,3.0
2635968,2635968,9035,2.0,tt0093300,3.0
2635970,2635970,9060,2.0,tt0093300,3.0
2635987,2635987,17743,2.0,tt0093300,3.0
2635996,2635996,21327,2.0,tt0093300,3.0
2636000,2636000,23429,2.0,tt0093300,3.0
2636003,2636003,24320,2.0,tt0093300,3.0
2636004,2636004,24696,2.0,tt0093300,3.0
2636015,2636015,29974,2.0,tt0093300,3.0
2636016,2636016,30774,1.0,tt0093300,3.0
2636017,2636017,30906,2.0,tt0093300,3.0
2636018,2636018,30925,2.0,tt0093300,3.0
2636019,2636019,31819,2.0,tt0093300,3.0
2636025,2636025,33042,2.0,tt0093300,3.0
2636028,2636028,34257,1.0,tt0093300,3.0
2636034,2636034,39223,2.0,tt0093300,3.0
2636049,2636049,47149,2.0,tt0093300,3.0
2636050,2636050,47326,2.0,tt0093300,3.0
2636059,2636059,49933,2.0,tt0093300,3.0
2636060,2636060,50105,2.0,tt0093300,3.0
2636062,2636062,50250,1.0,tt0093300,3.0
2636063,2636063,50712,2.0,tt0093300,3.0
2636067,2636067,51621,1.0,tt0093300,3.0
2636073,2636073,54200,1.0,tt0093300,3.0
2636075,2636075,54544,2.0,tt0093300,3.0
2636079,2636079,58802,2.0,tt0093300,3.0
2636086,2636086,61487,2.0,tt0093300,3.0
2636087,2636087,61694,2.0,tt0093300,3.0
2636090,2636090,63156,2.0,tt0093300,3.0
2636102,2636102,71493,1.0,tt0093300,3.0
2636112,2636112,74943,2.0,tt0093300,3.0
2636114,2636114,75618,2.0,tt0093300,3.0
2636117,2636117,76247,2.0,tt0093300,3.0
2636125,2636125,79299,2.0,tt0093300,3.0
2636126,2636126,79416,1.0,tt0093300,3.0
2636128,2636128,80246,2.0,tt0093300,3.0
2636132,2636132,82021,1.0,tt0093300,3.0
2636142,2636142,85707,2.0,tt0093300,3.0
2636144,2636144,86217,2.0,tt0093300,3.0
2636148,2636148,88572,2.0,tt0093300,3.0
2636152,2636152,90910,2.0,tt0093300,3.0
2636153,2636153,91326,2.0,tt0093300,3.0
2636155,2636155,92519,2.0,tt0093300,3.0
2636162,2636162,99046,2.0,tt0093300,3.0
2636164,2636164,99786,2.0,tt0093300,3.0
2636168,2636168,102105,2.0,tt0093300,3.0
2636170,2636170,102604,2.0,tt0093300,3.0
2636173,2636173,104862,2.0,tt0093300,3.0
2636177,2636177,107720,2.0,tt0093300,3.0
2636178,2636178,108002,2.0,tt0093300,3.0
2636179,2636179,108388,1.0,tt0093300,3.0
2636186,2636186,111358,1.5,tt0093300,3.0
2636188,2636188,111742,2.0,tt0093300,3.0
2636191,2636191,112963,2.0,tt0093300,3.0
2636195,2636195,115206,1.0,tt0093300,3.0
2636201,2636201,117395,2.0,tt0093300,3.0
2636217,2636217,122715,2.0,tt0093300,3.0
2636222,2636222,125078,2.0,tt0093300,3.0
2636225,2636225,125915,2.0,tt0093300,3.0
2636227,2636227,127045,1.0,tt0093300,3.0
2636228,2636228,127151,1.0,tt0093300,3.0
2636230,2636230,128338,2.0,tt0093300,3.0
2636232,2636232,128550,2.0,tt0093300,3.0
2636236,2636236,129898,1.0,tt0093300,3.0
2636238,2636238,130486,2.0,tt0093300,3.0
2636246,2636246,134801,2.0,tt0093300,3.0
2636251,2636251,136082,1.0,tt0093300,3.0
2636255,2636255,136648,2.0,tt0093300,3.0
2636258,2636258,137800,2.0,tt0093300,3.0
2636263,2636263,140921,2.0,tt0093300,3.0
2636268,2636268,142842,1.0,tt0093300,3.0
2636269,2636269,142962,1.0,tt0093300,3.0
2636271,2636271,143223,2.0,tt0093300,3.0
2636274,2636274,145687,2.0,tt0093300,3.0
2636277,2636277,146499,1.0,tt0093300,3.0
2636279,2636279,147986,2.0,tt0093300,3.0
2636280,2636280,149728,2.0,tt0093300,3.0
2636282,2636282,149876,1.0,tt0093300,3.0
2636296,2636296,157560,1.0,tt0093300,3.0
2636300,2636300,159260,2.0,tt0093300,3.0
2636301,2636301,160219,2.0,tt0093300,3.0
2636303,2636303,160589,1.0,tt0093300,3.0
2636309,2636309,162608,2.0,tt0093300,3.0
2636310,2636310,162631,2.0,tt0093300,3.0
2636317,2636317,167307,2.0,tt0093300,3.0
2636321,2636321,169076,2.0,tt0093300,3.0
2636323,2636323,171091,2.0,tt0093300,3.0
2636325,2636325,172644,2.0,tt0093300,3.0
2636327,2636327,173530,2.0,tt0093300,3.0
2636330,2636330,174781,2.0,tt0093300,3.0
2636343,2636343,181547,2.0,tt0093300,3.0
2636353,2636353,184498,2.0,tt0093300,3.0
2636354,2636354,184813,2.0,tt0093300,3.0
2636356,2636356,185374,1.0,tt0093300,3.0
2636361,2636361,186059,2.0,tt0093300,3.0
2636365,2636365,187117,2.0,tt0093300,3.0
2636367,2636367,188197,2.0,tt0093300,3.0
2636368,2636368,188296,2.0,tt0093300,3.0
2636369,2636369,188475,2.0,tt0093300,3.0
2636372,2636372,190329,2.0,tt0093300,3.0
2636373,2636373,190640,2.0,tt0093300,3.0
2636379,2636379,194690,2.0,tt0093300,3.0
2636387,2636387,197821,1.0,tt0093300,3.0
2636390,2636390,199754,1.0,tt0093300,3.0
2636398,2636398,201345,2.0,tt0093300,3.0
2636400,2636400,202567,2.0,tt0093300,3.0
2636404,2636404,204195,2.0,tt0093300,3.0
2636408,2636408,204839,0.5,tt0093300,3.0
2636420,2636420,210002,1.0,tt0093300,3.0
2636421,2636421,210701,2.0,tt0093300,3.0
2636425,2636425,212102,2.0,tt0093300,3.0
2636430,2636430,214995,2.0,tt0093300,3.0
2636433,2636433,216279,2.0,tt0093300,3.0
2636438,2636438,218339,2.0,tt0093300,3.0
2636444,2636444,221974,2.0,tt0093300,3.0
2636445,2636445,222310,1.0,tt0093300,3.0
2636450,2636450,225394,2.0,tt0093300,3.0
2636453,2636453,226664,1.0,tt0093300,3.0
2636457,2636457,228281,1.0,tt0093300,3.0
2636459,2636459,229879,1.0,tt0093300,3.0
2636463,2636463,233175,2.0,tt0093300,3.0
2636470,2636470,236131,2.0,tt0093300,3.0
2636473,2636473,237136,1.0,tt0093300,3.0
2636483,2636483,241177,2.0,tt0093300,3.0
2636486,2636486,243443,1.0,tt0093300,3.0
2636487,2636487,243628,2.0,tt0093300,3.0
2636490,2636490,246358,2.0,tt0093300,3.0
2636493,2636493,246944,1.0,tt0093300,3.0
2636495,2636495,247573,1.0,tt0093300,3.0
2636497,2636497,248209,2.0,tt0093300,3.0
2636502,2636502,250135,1.0,tt0093300,3.0
2636507,2636507,252200,2.0,tt0093300,3.0
2636518,2636518,257629,2.0,tt0093300,3.0
2636519,2636519,257699,2.0,tt0093300,3.0
2636521,2636521,258245,2.0,tt0093300,3.0
2636529,2636529,264015,2.0,tt0093300,3.0
2636534,2636534,266105,2.0,tt0093300,3.0
2636541,2636541,270123,1.5,tt0093300,3.0
2965528,2965528,12333,1.0,tt0097630,2.6
2965529,2965529,14253,0.5,tt0097630,2.6
2965531,2965531,40052,1.0,tt0097630,2.6
2965532,2965532,42334,0.5,tt0097630,2.6
2965534,2965534,47995,0.5,tt0097630,2.6
2965535,2965535,57416,0.5,tt0097630,2.6
2965536,2965536,59482,0.5,tt0097630,2.6
2965539,2965539,77689,0.5,tt0097630,2.6
2965544,2965544,122093,1.0,tt0097630,2.6
2965545,2965545,140311,0.5,tt0097630,2.6
2965547,2965547,151569,2.0,tt0097630,2.6
2965549,2965549,187211,0.5,tt0097630,2.6
2965552,2965552,222455,0.5,tt0097630,2.6
2965556,2965556,236615,0.5,tt0097630,2.6
2965558,2965558,249225,0.5,tt0097630,2.6
2965559,2965559,262938,0.5,tt0097630,2.6
3249950,3249950,17780,1.0,tt0100448,2.7
3249953,3249953,32468,2.0,tt0100448,2.7
3249958,3249958,59449,2.0,tt0100448,2.7
3249963,3249963,68669,2.0,tt0100448,2.7
3249965,3249965,72902,0.5,tt0100448,2.7
3249966,3249966,79988,2.0,tt0100448,2.7
3249974,3249974,99279,2.0,tt0100448,2.7
3249976,3249976,107720,2.0,tt0100448,2.7
3249983,3249983,128123,2.0,tt0100448,2.7
3249995,3249995,197318,0.5,tt0100448,2.7
3249998,3249998,211020,2.0,tt0100448,2.7
3250008,3250008,230417,0.5,tt0100448,2.7
3250014,3250014,252343,2.0,tt0100448,2.7
3250015,3250015,255933,2.0,tt0100448,2.7
3250017,3250017,263629,1.0,tt0100448,2.7
3299644,3299644,5380,1.0,tt0101615,2.9
3299645,3299645,5512,2.0,tt0101615,2.9
3299656,3299656,12698,1.0,tt0101615,2.9
3299674,3299674,27047,2.0,tt0101615,2.9
3299675,3299675,27174,2.0,tt0101615,2.9
3299677,3299677,27819,1.0,tt0101615,2.9
3299678,3299678,28118,2.0,tt0101615,2.9
3299682,3299682,29687,1.0,tt0101615,2.9
3299696,3299696,37422,2.0,tt0101615,2.9
3299698,3299698,38414,2.0,tt0101615,2.9
3299699,3299699,39043,1.0,tt0101615,2.9
3299719,3299719,50105,1.0,tt0101615,2.9
3299722,3299722,51867,2.0,tt0101615,2.9
3299723,3299723,52234,2.0,tt0101615,2.9
3299724,3299724,52799,1.0,tt0101615,2.9
3299726,3299726,54723,2.0,tt0101615,2.9
3299729,3299729,57150,2.0,tt0101615,2.9
3299743,3299743,72087,2.0,tt0101615,2.9
3299744,3299744,72594,2.0,tt0101615,2.9
3299776,3299776,100352,2.0,tt0101615,2.9
3299777,3299777,100941,1.5,tt0101615,2.9
3299790,3299790,107720,2.0,tt0101615,2.9
3299791,3299791,107815,2.0,tt0101615,2.9
3299792,3299792,108082,2.0,tt0101615,2.9
3299798,3299798,112270,2.0,tt0101615,2.9
3299808,3299808,118938,1.0,tt0101615,2.9
3299810,3299810,120200,2.0,tt0101615,2.9
3299813,3299813,122081,2.0,tt0101615,2.9
3299814,3299814,122715,2.0,tt0101615,2.9
3299817,3299817,123282,1.0,tt0101615,2.9
3299818,3299818,123633,2.0,tt0101615,2.9
3299820,3299820,124251,2.0,tt0101615,2.9
3299823,3299823,125812,2.0,tt0101615,2.9
3299827,3299827,128361,2.0,tt0101615,2.9
3299829,3299829,129201,2.0,tt0101615,2.9
3299837,3299837,134992,1.0,tt0101615,2.9
3299844,3299844,137270,2.0,tt0101615,2.9
3299855,3299855,141106,1.0,tt0101615,2.9
3299864,3299864,144936,2.0,tt0101615,2.9
3299870,3299870,147457,2.0,tt0101615,2.9
3299884,3299884,160298,1.0,tt0101615,2.9
3299887,3299887,161663,1.0,tt0101615,2.9
3299892,3299892,164039,2.0,tt0101615,2.9
3299894,3299894,164792,2.0,tt0101615,2.9
3299895,3299895,167213,2.0,tt0101615,2.9
3299896,3299896,167969,1.0,tt0101615,2.9
3299898,3299898,168854,2.0,tt0101615,2.9
3299904,3299904,172584,1.0,tt0101615,2.9
3299906,3299906,173530,2.0,tt0101615,2.9
3299911,3299911,176277,1.0,tt0101615,2.9
3299919,3299919,180132,1.5,tt0101615,2.9
3299931,3299931,183385,2.0,tt0101615,2.9
3299932,3299932,184505,1.0,tt0101615,2.9
3299934,3299934,184551,2.0,tt0101615,2.9
3299937,3299937,184782,2.0,tt0101615,2.9
3299940,3299940,186294,2.0,tt0101615,2.9
3299942,3299942,187960,2.0,tt0101615,2.9
3299943,3299943,188407,2.0,tt0101615,2.9
3299951,3299951,189846,0.5,tt0101615,2.9
3299957,3299957,191652,2.0,tt0101615,2.9
3299965,3299965,196964,2.0,tt0101615,2.9
3299966,3299966,198368,1.0,tt0101615,2.9
3299974,3299974,204545,2.0,tt0101615,2.9
3299987,3299987,209836,2.0,tt0101615,2.9
3299993,3299993,214809,1.0,tt0101615,2.9
3299994,3299994,214925,2.0,tt0101615,2.9
3299995,3299995,216536,2.0,tt0101615,2.9
3299997,3299997,225396,2.0,tt0101615,2.9
3299999,3299999,226446,2.0,tt0101615,2.9
3300001,3300001,229988,1.0,tt0101615,2.9
3300004,3300004,233323,2.0,tt0101615,2.9
3300011,3300011,238182,2.0,tt0101615,2.9
3300016,3300016,240123,2.0,tt0101615,2.9
3300017,3300017,240604,2.0,tt0101615,2.9
3300020,3300020,244359,2.0,tt0101615,2.9
3300027,3300027,251140,1.0,tt0101615,2.9
3300049,3300049,265210,1.0,tt0101615,2.9
3300053,3300053,269760,1.0,tt0101615,2.9
3300054,3300054,269780,1.0,tt0101615,2.9
3373618,3373618,45811,2.0,tt0102569,2.7
3373625,3373625,127455,2.0,tt0102569,2.7
3373626,3373626,128801,0.5,tt0102569,2.7
3373631,3373631,162712,2.0,tt0102569,2.7
3373632,3373632,165723,2.0,tt0102569,2.7
3373638,3373638,224605,0.5,tt0102569,2.7
3373642,3373642,242770,0.5,tt0102569,2.7
3626050,3626050,10746,2.0,tt0105643,2.9
3626055,3626055,36184,0.5,tt0105643,2.9
3626073,3626073,86119,0.5,tt0105643,2.9
3626074,3626074,86330,0.5,tt0105643,2.9
3626095,3626095,136034,0.5,tt0105643,2.9
3626098,3626098,148108,0.5,tt0105643,2.9
3626102,3626102,175204,0.5,tt0105643,2.9
3626112,3626112,237578,0.5,tt0105643,2.9
4217614,4217614,4917,2.0,tt0112820,2.5
4217618,4217618,17780,1.0,tt0112820,2.5
4217620,4217620,18885,2.0,tt0112820,2.5
4217621,4217621,18987,1.5,tt0112820,2.5
4217623,4217623,19580,2.0,tt0112820,2.5
4217625,4217625,22223,2.0,tt0112820,2.5
4217629,4217629,34060,0.5,tt0112820,2.5
4217632,4217632,38269,2.0,tt0112820,2.5
4217636,4217636,43264,0.5,tt0112820,2.5
4217637,4217637,44227,1.0,tt0112820,2.5
4217639,4217639,45754,1.0,tt0112820,2.5
4217641,4217641,46156,2.0,tt0112820,2.5
4217646,4217646,52829,1.5,tt0112820,2.5
4217648,4217648,55085,2.0,tt0112820,2.5
4217649,4217649,56736,1.0,tt0112820,2.5
4217650,4217650,59013,2.0,tt0112820,2.5
4217651,4217651,62574,1.5,tt0112820,2.5
4217653,4217653,67015,1.5,tt0112820,2.5
4217654,4217654,70648,2.0,tt0112820,2.5
4217655,4217655,76146,1.5,tt0112820,2.5
4217657,4217657,79222,1.0,tt0112820,2.5
4217659,4217659,80134,1.0,tt0112820,2.5
4217660,4217660,80181,2.0,tt0112820,2.5
4217661,4217661,80645,2.0,tt0112820,2.5
4217662,4217662,82520,1.0,tt0112820,2.5
4217664,4217664,85716,2.0,tt0112820,2.5
4217665,4217665,86217,1.0,tt0112820,2.5
4217666,4217666,96117,1.0,tt0112820,2.5
4217670,4217670,98324,1.0,tt0112820,2.5
4217672,4217672,99489,1.0,tt0112820,2.5
4217673,4217673,101013,1.0,tt0112820,2.5
4217674,4217674,101781,1.0,tt0112820,2.5
4217677,4217677,105419,2.0,tt0112820,2.5
4217678,4217678,107720,2.0,tt0112820,2.5
4217680,4217680,110907,1.0,tt0112820,2.5
4217681,4217681,111100,2.0,tt0112820,2.5
4217683,4217683,115553,1.5,tt0112820,2.5
4217684,4217684,117586,0.5,tt0112820,2.5
4217685,4217685,118992,0.5,tt0112820,2.5
4217686,4217686,123282,2.0,tt0112820,2.5
4217688,4217688,133791,0.5,tt0112820,2.5
4217689,4217689,134210,2.0,tt0112820,2.5
4217690,4217690,134746,1.0,tt0112820,2.5
4217692,4217692,141890,1.5,tt0112820,2.5
4217693,4217693,141895,2.0,tt0112820,2.5
4217694,4217694,142030,1.5,tt0112820,2.5
4217695,4217695,144043,1.0,tt0112820,2.5
4217696,4217696,144834,1.5,tt0112820,2.5
4217699,4217699,148232,1.0,tt0112820,2.5
4217700,4217700,148994,2.0,tt0112820,2.5
4217701,4217701,149620,0.5,tt0112820,2.5
4217702,4217702,150539,1.0,tt0112820,2.5
4217703,4217703,151569,0.5,tt0112820,2.5
4217704,4217704,151923,2.0,tt0112820,2.5
4217706,4217706,152414,0.5,tt0112820,2.5
4217707,4217707,155476,1.5,tt0112820,2.5
4217708,4217708,157487,2.0,tt0112820,2.5
4217710,4217710,161715,0.5,tt0112820,2.5
4217711,4217711,167345,1.0,tt0112820,2.5
4217713,4217713,168448,0.5,tt0112820,2.5
4217714,4217714,168762,1.0,tt0112820,2.5
4217715,4217715,169438,2.0,tt0112820,2.5
4217716,4217716,172359,1.0,tt0112820,2.5
4217717,4217717,172808,2.0,tt0112820,2.5
4217719,4217719,174741,2.0,tt0112820,2.5
4217720,4217720,174759,1.0,tt0112820,2.5
4217721,4217721,175830,2.0,tt0112820,2.5
4217722,4217722,176156,1.0,tt0112820,2.5
4217723,4217723,176672,2.0,tt0112820,2.5
4217724,4217724,181749,1.0,tt0112820,2.5
4217725,4217725,183000,0.5,tt0112820,2.5
4217727,4217727,186102,2.0,tt0112820,2.5
4217729,4217729,191249,0.5,tt0112820,2.5
4217731,4217731,193574,1.0,tt0112820,2.5
4217733,4217733,194307,1.5,tt0112820,2.5
4217734,4217734,194690,2.0,tt0112820,2.5
4217736,4217736,199049,1.0,tt0112820,2.5
4217737,4217737,202154,1.0,tt0112820,2.5
4217738,4217738,202575,2.0,tt0112820,2.5
4217739,4217739,203968,0.5,tt0112820,2.5
4217741,4217741,208765,1.0,tt0112820,2.5
4217742,4217742,211228,0.5,tt0112820,2.5
4217743,4217743,211576,1.0,tt0112820,2.5
4217745,4217745,214649,1.0,tt0112820,2.5
4217746,4217746,214775,1.5,tt0112820,2.5
4217750,4217750,219006,2.0,tt0112820,2.5
4217752,4217752,221483,1.0,tt0112820,2.5
4217753,4217753,225254,1.5,tt0112820,2.5
4217754,4217754,226298,1.5,tt0112820,2.5
4217756,4217756,230417,0.5,tt0112820,2.5
4217757,4217757,230423,0.5,tt0112820,2.5
4217758,4217758,230708,2.0,tt0112820,2.5
4217760,4217760,232242,0.5,tt0112820,2.5
4217761,4217761,232517,1.5,tt0112820,2.5
4217765,4217765,237239,1.0,tt0112820,2.5
4217766,4217766,237265,0.5,tt0112820,2.5
4217767,4217767,238209,2.0,tt0112820,2.5
4217768,4217768,240088,2.0,tt0112820,2.5
4217770,4217770,241072,2.0,tt0112820,2.5
4217771,4217771,243443,0.5,tt0112820,2.5
4217772,4217772,244710,0.5,tt0112820,2.5
4217773,4217773,245973,0.5,tt0112820,2.5
4217774,4217774,246643,0.5,tt0112820,2.5
4217777,4217777,250450,2.0,tt0112820,2.5
4217778,4217778,252771,1.0,tt0112820,2.5
4217779,4217779,254781,2.0,tt0112820,2.5
4217780,4217780,255484,1.0,tt0112820,2.5
4217781,4217781,260659,2.0,tt0112820,2.5
4217782,4217782,263629,0.5,tt0112820,2.5
4217783,4217783,264990,1.0,tt0112820,2.5
4217784,4217784,265327,2.0,tt0112820,2.5
4217785,4217785,269621,2.0,tt0112820,2.5
4217786,4217786,270213,1.0,tt0112820,2.5
4332792,4332792,94802,2.0,tt0115563,2.7
4332793,4332793,134240,1.0,tt0115563,2.7
4332795,4332795,154001,2.0,tt0115563,2.7
4332796,4332796,156513,1.0,tt0115563,2.7
4332797,4332797,166036,1.5,tt0115563,2.7
4332799,4332799,213848,2.0,tt0115563,2.7
4332801,4332801,255670,1.5,tt0115563,2.7
4332802,4332802,262034,1.0,tt0115563,2.7
4425848,4425848,2375,2.0,tt0118539,2.9
4425851,4425851,8780,1.5,tt0118539,2.9
4425852,4425852,9060,1.5,tt0118539,2.9
4425854,4425854,11744,1.0,tt0118539,2.9
4425860,4425860,14008,2.0,tt0118539,2.9
4425861,4425861,14265,1.0,tt0118539,2.9
4425863,4425863,15070,1.0,tt0118539,2.9
4425865,4425865,15480,0.5,tt0118539,2.9
4425867,4425867,18206,2.0,tt0118539,2.9
4425870,4425870,19580,1.0,tt0118539,2.9
4425871,4425871,20808,1.5,tt0118539,2.9
4425878,4425878,28869,2.0,tt0118539,2.9
4425879,4425879,29345,1.5,tt0118539,2.9
4425880,4425880,30696,1.5,tt0118539,2.9
4425882,4425882,32108,1.0,tt0118539,2.9
4425883,4425883,32773,0.5,tt0118539,2.9
4425884,4425884,34106,2.0,tt0118539,2.9
4425887,4425887,36904,2.0,tt0118539,2.9
4425889,4425889,37885,1.5,tt0118539,2.9
4425902,4425902,47747,2.0,tt0118539,2.9
4425905,4425905,51284,2.0,tt0118539,2.9
4425909,4425909,53921,2.0,tt0118539,2.9
4425910,4425910,54263,1.5,tt0118539,2.9
4425911,4425911,55884,0.5,tt0118539,2.9
4425914,4425914,60010,1.0,tt0118539,2.9
4425918,4425918,62021,1.5,tt0118539,2.9
4425921,4425921,65274,1.0,tt0118539,2.9
4425926,4425926,69866,2.0,tt0118539,2.9
4425927,4425927,72330,1.5,tt0118539,2.9
4425930,4425930,76025,2.0,tt0118539,2.9
4425932,4425932,76678,2.0,tt0118539,2.9
4425933,4425933,76802,1.0,tt0118539,2.9
4425934,4425934,79285,1.0,tt0118539,2.9
4425939,4425939,84964,1.5,tt0118539,2.9
4425946,4425946,89875,1.5,tt0118539,2.9
4425947,4425947,91462,0.5,tt0118539,2.9
4425948,4425948,91899,1.5,tt0118539,2.9
4425950,4425950,93016,2.0,tt0118539,2.9
4425963,4425963,98711,1.5,tt0118539,2.9
4425971,4425971,102981,2.0,tt0118539,2.9
4425974,4425974,107307,2.0,tt0118539,2.9
4425981,4425981,118813,2.0,tt0118539,2.9
4425984,4425984,119473,1.0,tt0118539,2.9
4425986,4425986,122119,2.0,tt0118539,2.9
4425989,4425989,125091,2.0,tt0118539,2.9
4425998,4425998,136845,1.0,tt0118539,2.9
4426002,4426002,140405,2.0,tt0118539,2.9
4426004,4426004,141304,1.0,tt0118539,2.9
4426007,4426007,143645,2.0,tt0118539,2.9
4426012,4426012,146200,2.0,tt0118539,2.9
4426025,4426025,153171,2.0,tt0118539,2.9
4426030,4426030,158179,1.0,tt0118539,2.9
4426031,4426031,158591,0.5,tt0118539,2.9
4426034,4426034,159437,2.0,tt0118539,2.9
4426036,4426036,161443,2.0,tt0118539,2.9
4426037,4426037,162140,2.0,tt0118539,2.9
4426038,4426038,162844,2.0,tt0118539,2.9
4426042,4426042,166657,1.5,tt0118539,2.9
4426051,4426051,171264,1.5,tt0118539,2.9
4426054,4426054,175794,1.5,tt0118539,2.9
4426058,4426058,177150,1.5,tt0118539,2.9
4426059,4426059,178156,2.0,tt0118539,2.9
4426060,4426060,179792,2.0,tt0118539,2.9
4426063,4426063,181997,2.0,tt0118539,2.9
4426070,4426070,193350,2.0,tt0118539,2.9
4426071,4426071,193798,1.5,tt0118539,2.9
4426076,4426076,202779,1.5,tt0118539,2.9
4426077,4426077,203958,0.5,tt0118539,2.9
4426080,4426080,205905,1.5,tt0118539,2.9
4426081,4426081,207659,2.0,tt0118539,2.9
4426082,4426082,208981,0.5,tt0118539,2.9
4426084,4426084,209669,1.5,tt0118539,2.9
4426085,4426085,211288,1.0,tt0118539,2.9
4426087,4426087,216172,2.0,tt0118539,2.9
4426091,4426091,217926,2.0,tt0118539,2.9
4426094,4426094,221548,2.0,tt0118539,2.9
4426098,4426098,225968,1.5,tt0118539,2.9
4426099,4426099,227132,1.5,tt0118539,2.9
4426100,4426100,227331,1.5,tt0118539,2.9
4426101,4426101,227743,1.0,tt0118539,2.9
4426105,4426105,232845,2.0,tt0118539,2.9
4426114,4426114,240144,2.0,tt0118539,2.9
4426118,4426118,245542,1.0,tt0118539,2.9
4426125,4426125,251457,2.0,tt0118539,2.9
4426126,4426126,252117,2.0,tt0118539,2.9
4426132,4426132,255016,2.0,tt0118539,2.9
4426137,4426137,258464,2.0,tt0118539,2.9
4426138,4426138,259302,0.5,tt0118539,2.9
4426143,4426143,264169,1.5,tt0118539,2.9
4426144,4426144,265288,2.0,tt0118539,2.9
4447149,4447149,92483,2.0,tt0118720,2.9
4447151,4447151,100359,0.5,tt0118720,2.9
4681338,4681338,9279,0.5,tt0120207,3.0
4681345,4681345,23928,0.5,tt0120207,3.0
4681355,4681355,45811,2.0,tt0120207,3.0
4681361,4681361,57098,1.0,tt0120207,3.0
4681364,4681364,60819,1.0,tt0120207,3.0
4681368,4681368,68349,1.5,tt0120207,3.0
4681372,4681372,73069,2.0,tt0120207,3.0
4681374,4681374,78809,0.5,tt0120207,3.0
4681375,4681375,79222,0.5,tt0120207,3.0
4681382,4681382,103033,1.0,tt0120207,3.0
4681389,4681389,117586,1.5,tt0120207,3.0
4681399,4681399,151569,0.5,tt0120207,3.0
4681406,4681406,172359,2.0,tt0120207,3.0
4681416,4681416,194822,0.5,tt0120207,3.0
4681417,4681417,196116,1.5,tt0120207,3.0
4681423,4681423,203968,1.5,tt0120207,3.0
4681426,4681426,207984,1.0,tt0120207,3.0
4681430,4681430,222961,1.0,tt0120207,3.0
4681434,4681434,228291,2.0,tt0120207,3.0
4681435,4681435,230417,0.5,tt0120207,3.0
4681437,4681437,232517,1.5,tt0120207,3.0
4681441,4681441,237239,1.0,tt0120207,3.0
4681442,4681442,241715,1.0,tt0120207,3.0
4681444,4681444,243443,0.5,tt0120207,3.0
4681449,4681449,266035,0.5,tt0120207,3.0
5319995,5319995,6407,1.5,tt0138074,1.3
5320005,5320005,9040,2.0,tt0138074,1.3
5320033,5320033,21878,2.0,tt0138074,1.3
5320065,5320065,33260,2.0,tt0138074,1.3
5320066,5320066,33273,0.5,tt0138074,1.3
5320087,5320087,40148,2.0,tt0138074,1.3
5320093,5320093,42702,2.0,tt0138074,1.3
5320096,5320096,43425,0.5,tt0138074,1.3
5320098,5320098,43730,2.0,tt0138074,1.3
5320154,5320154,62600,2.0,tt0138074,1.3
5320206,5320206,89980,2.0,tt0138074,1.3
5320210,5320210,92483,1.0,tt0138074,1.3
5320220,5320220,98127,2.0,tt0138074,1.3
5320297,5320297,132062,2.0,tt0138074,1.3
5320333,5320333,150045,1.5,tt0138074,1.3
5320338,5320338,152150,2.0,tt0138074,1.3
5320378,5320378,165352,1.0,tt0138074,1.3
5320399,5320399,174414,2.0,tt0138074,1.3
5320406,5320406,176109,1.5,tt0138074,1.3
5320410,5320410,177048,2.0,tt0138074,1.3
5320411,5320411,177150,2.0,tt0138074,1.3
5320421,5320421,180798,2.0,tt0138074,1.3
5320430,5320430,184436,2.0,tt0138074,1.3
5320438,5320438,187211,0.5,tt0138074,1.3
5320444,5320444,188333,2.0,tt0138074,1.3
5320458,5320458,194865,2.0,tt0138074,1.3
5320476,5320476,200783,2.0,tt0138074,1.3
5320512,5320512,212236,2.0,tt0138074,1.3
5320526,5320526,218580,2.0,tt0138074,1.3
5320569,5320569,239753,2.0,tt0138074,1.3
5320577,5320577,242929,2.0,tt0138074,1.3
5320614,5320614,254965,1.5,tt0138074,1.3
5320637,5320637,265606,2.0,tt0138074,1.3
5320645,5320645,268751,2.0,tt0138074,1.3
5795844,5795844,179792,2.0,tt0185183,2.5
5795854,5795854,243791,2.0,tt0185183,2.5
5795856,5795856,254502,0.5,tt0185183,2.5
5796145,5796145,21901,1.5,tt0186655,3.0
5796151,5796151,65469,2.0,tt0186655,3.0
5796160,5796160,109303,2.0,tt0186655,3.0
5796172,5796172,166260,2.0,tt0186655,3.0
5796173,5796173,172608,0.5,tt0186655,3.0
5796174,5796174,187871,0.5,tt0186655,3.0
5796179,5796179,244453,1.5,tt0186655,3.0
6180579,6180579,1243,1.5,tt0249516,1.8
6180580,6180580,1380,1.0,tt0249516,1.8
6180584,6180584,2022,1.0,tt0249516,1.8
6180586,6180586,3266,2.0,tt0249516,1.8
6180589,6180589,4540,2.0,tt0249516,1.8
6180590,6180590,4877,1.5,tt0249516,1.8
6180595,6180595,5396,2.0,tt0249516,1.8
6180609,6180609,9983,1.0,tt0249516,1.8
6180610,6180610,10655,2.0,tt0249516,1.8
6180617,6180617,14354,2.0,tt0249516,1.8
6180619,6180619,15853,1.0,tt0249516,1.8
6180620,6180620,16415,1.0,tt0249516,1.8
6180623,6180623,17142,2.0,tt0249516,1.8
6180627,6180627,18338,2.0,tt0249516,1.8
6180635,6180635,20755,0.5,tt0249516,1.8
6180639,6180639,22268,1.5,tt0249516,1.8
6180646,6180646,24733,0.5,tt0249516,1.8
6180647,6180647,26054,0.5,tt0249516,1.8
6180650,6180650,26602,2.0,tt0249516,1.8
6180651,6180651,26654,0.5,tt0249516,1.8
6180653,6180653,27200,0.5,tt0249516,1.8
6180659,6180659,29644,1.0,tt0249516,1.8
6180666,6180666,31356,2.0,tt0249516,1.8
6180667,6180667,31393,0.5,tt0249516,1.8
6180669,6180669,31824,0.5,tt0249516,1.8
6180673,6180673,33260,2.0,tt0249516,1.8
6180674,6180674,33335,2.0,tt0249516,1.8
6180679,6180679,36357,2.0,tt0249516,1.8
6180681,6180681,36989,0.5,tt0249516,1.8
6180682,6180682,37101,2.0,tt0249516,1.8
6180687,6180687,40465,1.0,tt0249516,1.8
6180688,6180688,41414,2.0,tt0249516,1.8
6180696,6180696,43370,2.0,tt0249516,1.8
6180697,6180697,43461,1.0,tt0249516,1.8
6180700,6180700,44434,2.0,tt0249516,1.8
6180703,6180703,45135,1.5,tt0249516,1.8
6180704,6180704,46112,2.0,tt0249516,1.8
6180705,6180705,46851,0.5,tt0249516,1.8
6180706,6180706,47535,0.5,tt0249516,1.8
6180709,6180709,48153,2.0,tt0249516,1.8
6180710,6180710,48622,0.5,tt0249516,1.8
6180714,6180714,50460,1.5,tt0249516,1.8
6180717,6180717,51108,0.5,tt0249516,1.8
6180718,6180718,51256,1.0,tt0249516,1.8
6180719,6180719,51491,1.0,tt0249516,1.8
6180722,6180722,52361,1.5,tt0249516,1.8
6180727,6180727,53239,0.5,tt0249516,1.8
6180728,6180728,54245,1.0,tt0249516,1.8
6180729,6180729,54560,0.5,tt0249516,1.8
6180730,6180730,54790,0.5,tt0249516,1.8
6180731,6180731,54852,1.0,tt0249516,1.8
6180738,6180738,56441,2.0,tt0249516,1.8
6180740,6180740,56875,2.0,tt0249516,1.8
6180742,6180742,57771,2.0,tt0249516,1.8
6180748,6180748,60363,2.0,tt0249516,1.8
6180753,6180753,61616,0.5,tt0249516,1.8
6180757,6180757,62489,1.5,tt0249516,1.8
6180758,6180758,62549,2.0,tt0249516,1.8
6180759,6180759,63599,2.0,tt0249516,1.8
6180760,6180760,63784,0.5,tt0249516,1.8
6180763,6180763,65274,1.0,tt0249516,1.8
6180764,6180764,65654,2.0,tt0249516,1.8
6180767,6180767,65876,1.0,tt0249516,1.8
6180770,6180770,67027,1.0,tt0249516,1.8
6180772,6180772,67784,1.5,tt0249516,1.8
6180774,6180774,69067,2.0,tt0249516,1.8
6180779,6180779,70336,2.0,tt0249516,1.8
6180781,6180781,71068,1.0,tt0249516,1.8
6180786,6180786,72300,1.0,tt0249516,1.8
6180788,6180788,73540,1.0,tt0249516,1.8
6180789,6180789,73598,0.5,tt0249516,1.8
6180799,6180799,75892,2.0,tt0249516,1.8
6180801,6180801,76206,2.0,tt0249516,1.8
6180803,6180803,76472,2.0,tt0249516,1.8
6180804,6180804,76832,2.0,tt0249516,1.8
6180806,6180806,77228,2.0,tt0249516,1.8
6180808,6180808,77689,0.5,tt0249516,1.8
6180813,6180813,79487,0.5,tt0249516,1.8
6180817,6180817,80082,2.0,tt0249516,1.8
6180818,6180818,80181,0.5,tt0249516,1.8
6180823,6180823,80614,2.0,tt0249516,1.8
6180829,6180829,81337,2.0,tt0249516,1.8
6180831,6180831,81592,1.5,tt0249516,1.8
6180832,6180832,81717,0.5,tt0249516,1.8
6180833,6180833,82210,1.0,tt0249516,1.8
6180836,6180836,84171,2.0,tt0249516,1.8
6180839,6180839,84646,1.0,tt0249516,1.8
6180842,6180842,85723,1.0,tt0249516,1.8
6180843,6180843,86254,1.0,tt0249516,1.8
6180846,6180846,87093,1.0,tt0249516,1.8
6180852,6180852,88969,1.5,tt0249516,1.8
6180854,6180854,89258,2.0,tt0249516,1.8
6180855,6180855,89748,1.5,tt0249516,1.8
6180857,6180857,90026,0.5,tt0249516,1.8
6180859,6180859,90500,2.0,tt0249516,1.8
6180861,6180861,91393,2.0,tt0249516,1.8
6180864,6180864,92992,1.0,tt0249516,1.8
6180867,6180867,94681,0.5,tt0249516,1.8
6180868,6180868,94682,1.5,tt0249516,1.8
6180869,6180869,94802,1.0,tt0249516,1.8
6180870,6180870,95186,2.0,tt0249516,1.8
6180871,6180871,95357,1.0,tt0249516,1.8
6180872,6180872,95446,2.0,tt0249516,1.8
6180879,6180879,98787,0.5,tt0249516,1.8
6180880,6180880,98795,2.0,tt0249516,1.8
6180881,6180881,98814,1.5,tt0249516,1.8
6180882,6180882,98900,2.0,tt0249516,1.8
6180886,6180886,99883,1.5,tt0249516,1.8
6180887,6180887,99955,1.0,tt0249516,1.8
6180888,6180888,100187,2.0,tt0249516,1.8
6180890,6180890,100341,2.0,tt0249516,1.8
6180893,6180893,101606,0.5,tt0249516,1.8
6180894,6180894,101678,1.5,tt0249516,1.8
6180899,6180899,102505,2.0,tt0249516,1.8
6180901,6180901,103293,2.0,tt0249516,1.8
6180903,6180903,103788,1.5,tt0249516,1.8
6180904,6180904,104058,2.0,tt0249516,1.8
6180908,6180908,104875,0.5,tt0249516,1.8
6180911,6180911,105094,2.0,tt0249516,1.8
6180912,6180912,105932,1.5,tt0249516,1.8
6180922,6180922,108687,2.0,tt0249516,1.8
6180924,6180924,109222,1.0,tt0249516,1.8
6180925,6180925,109597,1.5,tt0249516,1.8
6180927,6180927,111829,2.0,tt0249516,1.8
6180928,6180928,112008,1.5,tt0249516,1.8
6180930,6180930,113152,0.5,tt0249516,1.8
6180931,6180931,113377,1.5,tt0249516,1.8
6180932,6180932,113452,0.5,tt0249516,1.8
6180935,6180935,114091,0.5,tt0249516,1.8
6180938,6180938,117338,0.5,tt0249516,1.8
6180940,6180940,117721,0.5,tt0249516,1.8
6180941,6180941,117815,0.5,tt0249516,1.8
6180945,6180945,118524,2.0,tt0249516,1.8
6180946,6180946,119306,2.0,tt0249516,1.8
6180951,6180951,120748,1.0,tt0249516,1.8
6180952,6180952,120791,1.5,tt0249516,1.8
6180953,6180953,120848,1.0,tt0249516,1.8
6180954,6180954,120984,2.0,tt0249516,1.8
6180955,6180955,120985,2.0,tt0249516,1.8
6180957,6180957,121121,2.0,tt0249516,1.8
6180958,6180958,121315,1.0,tt0249516,1.8
6180959,6180959,121746,2.0,tt0249516,1.8
6180966,6180966,123138,1.0,tt0249516,1.8
6180969,6180969,123962,1.0,tt0249516,1.8
6180971,6180971,124577,2.0,tt0249516,1.8
6180975,6180975,125345,1.0,tt0249516,1.8
6180977,6180977,125895,1.0,tt0249516,1.8
6180980,6180980,127494,0.5,tt0249516,1.8
6180983,6180983,128429,1.0,tt0249516,1.8
6180985,6180985,128770,1.5,tt0249516,1.8
6180986,6180986,128968,2.0,tt0249516,1.8
6180988,6180988,129453,0.5,tt0249516,1.8
6180991,6180991,132203,2.0,tt0249516,1.8
6180993,6180993,133360,2.0,tt0249516,1.8
6180995,6180995,134212,2.0,tt0249516,1.8
6180996,6180996,134271,0.5,tt0249516,1.8
6180997,6180997,134815,0.5,tt0249516,1.8
6180998,6180998,135237,1.0,tt0249516,1.8
6181007,6181007,137016,2.0,tt0249516,1.8
6181010,6181010,137783,0.5,tt0249516,1.8
6181012,6181012,137918,2.0,tt0249516,1.8
6181013,6181013,138538,2.0,tt0249516,1.8
6181015,6181015,139093,0.5,tt0249516,1.8
6181018,6181018,140405,1.5,tt0249516,1.8
6181020,6181020,140926,0.5,tt0249516,1.8
6181030,6181030,142796,0.5,tt0249516,1.8
6181034,6181034,144196,2.0,tt0249516,1.8
6181036,6181036,144493,2.0,tt0249516,1.8
6181038,6181038,145505,2.0,tt0249516,1.8
6181039,6181039,145649,2.0,tt0249516,1.8
6181041,6181041,145951,1.5,tt0249516,1.8
6181047,6181047,147112,0.5,tt0249516,1.8
6181052,6181052,147922,2.0,tt0249516,1.8
6181054,6181054,148901,0.5,tt0249516,1.8
6181055,6181055,149517,2.0,tt0249516,1.8
6181060,6181060,151569,0.5,tt0249516,1.8
6181061,6181061,152019,0.5,tt0249516,1.8
6181062,6181062,153383,1.5,tt0249516,1.8
6181063,6181063,153546,0.5,tt0249516,1.8
6181064,6181064,153910,1.5,tt0249516,1.8
6181065,6181065,154001,0.5,tt0249516,1.8
6181073,6181073,157259,2.0,tt0249516,1.8
6181075,6181075,157588,2.0,tt0249516,1.8
6181076,6181076,157591,0.5,tt0249516,1.8
6181079,6181079,158186,1.0,tt0249516,1.8
6181083,6181083,159215,2.0,tt0249516,1.8
6181085,6181085,159365,2.0,tt0249516,1.8
6181086,6181086,159516,2.0,tt0249516,1.8
6181088,6181088,159943,2.0,tt0249516,1.8
6181090,6181090,159981,1.0,tt0249516,1.8
6181096,6181096,162301,2.0,tt0249516,1.8
6181102,6181102,165352,0.5,tt0249516,1.8
6181103,6181103,165793,2.0,tt0249516,1.8
6181111,6181111,168385,1.5,tt0249516,1.8
6181113,6181113,168608,1.0,tt0249516,1.8
6181114,6181114,168672,1.5,tt0249516,1.8
6181115,6181115,169246,1.5,tt0249516,1.8
6181118,6181118,170718,1.5,tt0249516,1.8
6181122,6181122,172872,2.0,tt0249516,1.8
6181124,6181124,173593,2.0,tt0249516,1.8
6181125,6181125,174202,0.5,tt0249516,1.8
6181128,6181128,175679,0.5,tt0249516,1.8
6181131,6181131,176142,1.5,tt0249516,1.8
6181133,6181133,176293,0.5,tt0249516,1.8
6181136,6181136,176668,1.0,tt0249516,1.8
6181137,6181137,176921,1.5,tt0249516,1.8
6181141,6181141,177509,2.0,tt0249516,1.8
6181142,6181142,178380,2.0,tt0249516,1.8
6181143,6181143,178930,1.0,tt0249516,1.8
6181144,6181144,179023,0.5,tt0249516,1.8
6181145,6181145,179044,1.5,tt0249516,1.8
6181146,6181146,179272,2.0,tt0249516,1.8
6181147,6181147,179719,2.0,tt0249516,1.8
6181150,6181150,180711,0.5,tt0249516,1.8
6181151,6181151,181010,0.5,tt0249516,1.8
6181153,6181153,181344,0.5,tt0249516,1.8
6181156,6181156,181711,2.0,tt0249516,1.8
6181157,6181157,181867,2.0,tt0249516,1.8
6181161,6181161,182669,1.5,tt0249516,1.8
6181164,6181164,183228,2.0,tt0249516,1.8
6181166,6181166,183910,1.0,tt0249516,1.8
6181167,6181167,183988,1.0,tt0249516,1.8
6181169,6181169,184603,2.0,tt0249516,1.8
6181170,6181170,185167,2.0,tt0249516,1.8
6181171,6181171,185249,2.0,tt0249516,1.8
6181172,6181172,185772,1.0,tt0249516,1.8
6181173,6181173,186026,1.5,tt0249516,1.8
6181174,6181174,186783,1.5,tt0249516,1.8
6181175,6181175,186927,1.0,tt0249516,1.8
6181178,6181178,187840,2.0,tt0249516,1.8
6181179,6181179,187854,0.5,tt0249516,1.8
6181180,6181180,188043,1.5,tt0249516,1.8
6181182,6181182,188391,1.0,tt0249516,1.8
6181183,6181183,188500,2.0,tt0249516,1.8
6181186,6181186,188622,2.0,tt0249516,1.8
6181187,6181187,188749,2.0,tt0249516,1.8
6181190,6181190,190640,0.5,tt0249516,1.8
6181191,6181191,191476,2.0,tt0249516,1.8
6181192,6181192,191542,2.0,tt0249516,1.8
6181193,6181193,191784,0.5,tt0249516,1.8
6181194,6181194,192089,1.0,tt0249516,1.8
6181195,6181195,192523,0.5,tt0249516,1.8
6181201,6181201,194011,2.0,tt0249516,1.8
6181205,6181205,194734,1.0,tt0249516,1.8
6181206,6181206,195176,1.5,tt0249516,1.8
6181208,6181208,195568,1.5,tt0249516,1.8
6181209,6181209,195621,2.0,tt0249516,1.8
6181210,6181210,196139,0.5,tt0249516,1.8
6181216,6181216,199243,1.0,tt0249516,1.8
6181219,6181219,200634,0.5,tt0249516,1.8
6181226,6181226,202729,1.5,tt0249516,1.8
6181227,6181227,202895,2.0,tt0249516,1.8
6181229,6181229,203097,1.5,tt0249516,1.8
6181230,6181230,203261,1.0,tt0249516,1.8
6181231,6181231,203401,2.0,tt0249516,1.8
6181232,6181232,203828,2.0,tt0249516,1.8
6181233,6181233,203950,0.5,tt0249516,1.8
6181234,6181234,203975,0.5,tt0249516,1.8
6181236,6181236,204753,2.0,tt0249516,1.8
6181238,6181238,205470,1.0,tt0249516,1.8
6181239,6181239,206447,2.0,tt0249516,1.8
6181240,6181240,206705,2.0,tt0249516,1.8
6181241,6181241,207168,0.5,tt0249516,1.8
6181242,6181242,207459,2.0,tt0249516,1.8
6181243,6181243,207940,2.0,tt0249516,1.8
6181244,6181244,208131,1.5,tt0249516,1.8
6181246,6181246,208325,2.0,tt0249516,1.8
6181248,6181248,208731,1.5,tt0249516,1.8
6181249,6181249,209449,1.0,tt0249516,1.8
6181250,6181250,209454,0.5,tt0249516,1.8
6181251,6181251,210792,1.0,tt0249516,1.8
6181252,6181252,210915,0.5,tt0249516,1.8
6181262,6181262,214859,2.0,tt0249516,1.8
6181263,6181263,215032,2.0,tt0249516,1.8
6181266,6181266,216283,1.5,tt0249516,1.8
6181267,6181267,216688,2.0,tt0249516,1.8
6181268,6181268,216825,0.5,tt0249516,1.8
6181269,6181269,217334,0.5,tt0249516,1.8
6181271,6181271,217778,1.5,tt0249516,1.8
6181277,6181277,220004,1.0,tt0249516,1.8
6181279,6181279,220176,1.5,tt0249516,1.8
6181280,6181280,220284,0.5,tt0249516,1.8
6181281,6181281,220537,2.0,tt0249516,1.8
6181289,6181289,223515,1.5,tt0249516,1.8
6181292,6181292,224653,2.0,tt0249516,1.8
6181293,6181293,224654,2.0,tt0249516,1.8
6181300,6181300,227672,2.0,tt0249516,1.8
6181306,6181306,230076,2.0,tt0249516,1.8
6181308,6181308,230155,1.0,tt0249516,1.8
6181309,6181309,230417,0.5,tt0249516,1.8
6181310,6181310,230606,0.5,tt0249516,1.8
6181314,6181314,232225,0.5,tt0249516,1.8
6181315,6181315,232819,0.5,tt0249516,1.8
6181320,6181320,235263,2.0,tt0249516,1.8
6181321,6181321,235300,0.5,tt0249516,1.8
6181325,6181325,236340,0.5,tt0249516,1.8
6181328,6181328,237303,0.5,tt0249516,1.8
6181332,6181332,238673,2.0,tt0249516,1.8
6181335,6181335,239901,0.5,tt0249516,1.8
6181340,6181340,240445,1.5,tt0249516,1.8
6181342,6181342,240897,1.5,tt0249516,1.8
6181345,6181345,241493,1.5,tt0249516,1.8
6181349,6181349,243443,1.5,tt0249516,1.8
6181353,6181353,244244,1.5,tt0249516,1.8
6181360,6181360,245929,2.0,tt0249516,1.8
6181361,6181361,246193,1.0,tt0249516,1.8
6181365,6181365,247287,2.0,tt0249516,1.8
6181367,6181367,248560,2.0,tt0249516,1.8
6181368,6181368,248620,1.5,tt0249516,1.8
6181369,6181369,248894,2.0,tt0249516,1.8
6181372,6181372,249404,0.5,tt0249516,1.8
6181375,6181375,249843,1.0,tt0249516,1.8
6181380,6181380,250115,0.5,tt0249516,1.8
6181387,6181387,252920,2.0,tt0249516,1.8
6181390,6181390,254135,2.0,tt0249516,1.8
6181391,6181391,254180,1.0,tt0249516,1.8
6181392,6181392,254277,1.5,tt0249516,1.8
6181394,6181394,254618,1.0,tt0249516,1.8
6181395,6181395,254634,0.5,tt0249516,1.8
6181397,6181397,255563,0.5,tt0249516,1.8
6181400,6181400,256003,2.0,tt0249516,1.8
6181403,6181403,256782,0.5,tt0249516,1.8
6181409,6181409,259458,0.5,tt0249516,1.8
6181410,6181410,259495,2.0,tt0249516,1.8
6181412,6181412,259860,1.0,tt0249516,1.8
6181414,6181414,261032,0.5,tt0249516,1.8
6181418,6181418,261561,2.0,tt0249516,1.8
6181422,6181422,262293,0.5,tt0249516,1.8
6181424,6181424,262526,2.0,tt0249516,1.8
6181426,6181426,263108,1.0,tt0249516,1.8
6181428,6181428,263673,0.5,tt0249516,1.8
6181431,6181431,265085,0.5,tt0249516,1.8
6181433,6181433,266187,2.0,tt0249516,1.8
6181436,6181436,266624,0.5,tt0249516,1.8
6181438,6181438,267254,2.0,tt0249516,1.8
6181441,6181441,268238,2.0,tt0249516,1.8
6181444,6181444,268765,0.5,tt0249516,1.8
6181449,6181449,270441,1.0,tt0249516,1.8
6181454,6181454,270887,1.0,tt0249516,1.8
6311230,6311230,15711,1.5,tt0266747,2.9
6311235,6311235,32984,2.0,tt0266747,2.9
6311254,6311254,85458,0.5,tt0266747,2.9
6311257,6311257,98415,2.0,tt0266747,2.9
6311266,6311266,132062,0.5,tt0266747,2.9
6311279,6311279,174414,1.5,tt0266747,2.9
6311307,6311307,243942,2.0,tt0266747,2.9
6311311,6311311,248757,2.0,tt0266747,2.9
7014342,7014342,34911,0.5,tt0331479,3.0
7131876,7131876,4932,2.0,tt0339918,2.9
7131913,7131913,19786,1.0,tt0339918,2.9
7131933,7131933,26153,1.5,tt0339918,2.9
7131947,7131947,32140,1.5,tt0339918,2.9
7131958,7131958,36721,1.5,tt0339918,2.9
7131976,7131976,41434,0.5,tt0339918,2.9
7131977,7131977,41554,0.5,tt0339918,2.9
7131986,7131986,44295,1.5,tt0339918,2.9
7132004,7132004,48747,2.0,tt0339918,2.9
7132013,7132013,51758,2.0,tt0339918,2.9
7132025,7132025,54852,2.0,tt0339918,2.9
7132031,7132031,56617,0.5,tt0339918,2.9
7132048,7132048,62457,2.0,tt0339918,2.9
7132050,7132050,62815,2.0,tt0339918,2.9
7132057,7132057,66249,2.0,tt0339918,2.9
7132076,7132076,73889,0.5,tt0339918,2.9
7132094,7132094,79599,1.5,tt0339918,2.9
7132115,7132115,85615,2.0,tt0339918,2.9
7132119,7132119,86391,1.5,tt0339918,2.9
7132140,7132140,95874,2.0,tt0339918,2.9
7132147,7132147,99182,1.0,tt0339918,2.9
7132159,7132159,103027,1.5,tt0339918,2.9
7132184,7132184,114032,1.0,tt0339918,2.9
7132185,7132185,114038,0.5,tt0339918,2.9
7132192,7132192,115584,2.0,tt0339918,2.9
7132196,7132196,117586,1.5,tt0339918,2.9
7132197,7132197,117815,0.5,tt0339918,2.9
7132213,7132213,123389,0.5,tt0339918,2.9
7132242,7132242,132494,1.0,tt0339918,2.9
7132266,7132266,140572,1.5,tt0339918,2.9
7132275,7132275,143533,2.0,tt0339918,2.9
7132323,7132323,159981,2.0,tt0339918,2.9
7132330,7132330,163587,1.5,tt0339918,2.9
7132340,7132340,167809,2.0,tt0339918,2.9
7132349,7132349,169689,1.5,tt0339918,2.9
7132350,7132350,170287,2.0,tt0339918,2.9
7132359,7132359,172359,1.5,tt0339918,2.9
7132387,7132387,180711,2.0,tt0339918,2.9
7132409,7132409,187871,2.0,tt0339918,2.9
7132461,7132461,202154,1.5,tt0339918,2.9
7132477,7132477,210119,0.5,tt0339918,2.9
7132478,7132478,210144,1.0,tt0339918,2.9
7132497,7132497,218177,2.0,tt0339918,2.9
7132500,7132500,218483,0.5,tt0339918,2.9
7132523,7132523,225874,1.5,tt0339918,2.9
7132532,7132532,229988,1.5,tt0339918,2.9
7132535,7132535,230417,0.5,tt0339918,2.9
7132547,7132547,233880,1.5,tt0339918,2.9
7132573,7132573,243443,1.0,tt0339918,2.9
7132588,7132588,251794,0.5,tt0339918,2.9
7132607,7132607,257115,2.0,tt0339918,2.9
7132612,7132612,257993,1.5,tt0339918,2.9
7132644,7132644,269236,2.0,tt0339918,2.9
7682186,7682186,16567,2.0,tt0395669,2.3
7682189,7682189,33940,2.0,tt0395669,2.3
7682197,7682197,115640,1.5,tt0395669,2.3
7682198,7682198,116182,1.5,tt0395669,2.3
7682204,7682204,182617,1.0,tt0395669,2.3
7682206,7682206,208077,1.5,tt0395669,2.3
8340229,8340229,5641,2.0,tt0454953,2.9
8340234,8340234,92656,0.5,tt0454953,2.9
8340235,8340235,101689,1.0,tt0454953,2.9
8340237,8340237,114234,1.5,tt0454953,2.9
8340238,8340238,120972,1.5,tt0454953,2.9
8340243,8340243,141589,2.0,tt0454953,2.9
8340245,8340245,153376,2.0,tt0454953,2.9
8340252,8340252,194690,1.5,tt0454953,2.9
8340253,8340253,200592,0.5,tt0454953,2.9
9082610,9082610,10021,0.5,tt1073498,2.8
9082611,9082611,15038,1.5,tt1073498,2.8
9082617,9082617,70186,2.0,tt1073498,2.8
9082619,9082619,86343,1.5,tt1073498,2.8
9082622,9082622,111363,2.0,tt1073498,2.8
9082626,9082626,136736,0.5,tt1073498,2.8
9082630,9082630,186059,2.0,tt1073498,2.8
9082631,9082631,200303,2.0,tt1073498,2.8
9082632,9082632,214775,2.0,tt1073498,2.8
9082633,9082633,221350,0.5,tt1073498,2.8
9082635,9082635,229879,2.0,tt1073498,2.8
9082636,9082636,230417,0.5,tt1073498,2.8
9082644,9082644,266783,1.5,tt1073498,2.8
9103406,9103406,32984,2.0,tt1233259,3.0
9103407,9103407,45811,2.0,tt1233259,3.0
9103408,9103408,100838,2.0,tt1233259,3.0
9133268,9133268,65469,1.0,tt1311082,2.7
9133270,9133270,72902,0.5,tt1311082,2.7
9133282,9133282,172359,2.0,tt1311082,2.7
9133291,9133291,270123,2.0,tt1311082,2.7
9136198,9136198,265327,2.0,tt1361838,2.7
9191463,9191463,26253,2.0,tt1640570,2.8
9198175,9198175,11,2.0,tt1680138,3.0
9198177,9198177,429,2.0,tt1680138,3.0
9198183,9198183,836,2.0,tt1680138,3.0
9198189,9198189,1367,2.0,tt1680138,3.0
9198203,9198203,2489,2.0,tt1680138,3.0
9198206,9198206,2650,0.5,tt1680138,3.0
9198208,9198208,2847,2.0,tt1680138,3.0
9198212,9198212,3100,2.0,tt1680138,3.0
9198216,9198216,3625,1.5,tt1680138,3.0
9198222,9198222,4095,2.0,tt1680138,3.0
9198232,9198232,4496,2.0,tt1680138,3.0
9198237,9198237,4754,2.0,tt1680138,3.0
9198241,9198241,4932,2.0,tt1680138,3.0
9198242,9198242,4994,2.0,tt1680138,3.0
9198247,9198247,5584,2.0,tt1680138,3.0
9198253,9198253,5831,2.0,tt1680138,3.0
9198266,9198266,6870,1.0,tt1680138,3.0
9198267,9198267,7040,1.5,tt1680138,3.0
9198269,9198269,7127,2.0,tt1680138,3.0
9198271,9198271,7288,0.5,tt1680138,3.0
9198276,9198276,8236,2.0,tt1680138,3.0
9198278,9198278,8292,1.5,tt1680138,3.0
9198282,9198282,8729,0.5,tt1680138,3.0
9198291,9198291,9478,2.0,tt1680138,3.0
9198294,9198294,9637,2.0,tt1680138,3.0
9198300,9198300,9974,1.0,tt1680138,3.0
9198303,9198303,10168,1.0,tt1680138,3.0
9198309,9198309,10573,2.0,tt1680138,3.0
9198312,9198312,11070,1.5,tt1680138,3.0
9198322,9198322,11724,1.0,tt1680138,3.0
9198330,9198330,12156,1.5,tt1680138,3.0
9198331,9198331,12333,2.0,tt1680138,3.0
9198334,9198334,12559,1.5,tt1680138,3.0
9198346,9198346,13805,2.0,tt1680138,3.0
9198347,9198347,13806,1.0,tt1680138,3.0
9198369,9198369,15481,1.5,tt1680138,3.0
9198373,9198373,15757,2.0,tt1680138,3.0
9198376,9198376,16236,0.5,tt1680138,3.0
9198378,9198378,16415,2.0,tt1680138,3.0
9198384,9198384,16895,1.5,tt1680138,3.0
9198385,9198385,16973,1.0,tt1680138,3.0
9198393,9198393,17710,2.0,tt1680138,3.0
9198398,9198398,18366,1.0,tt1680138,3.0
9198414,9198414,20267,2.0,tt1680138,3.0
9198423,9198423,21847,0.5,tt1680138,3.0
9198427,9198427,22393,2.0,tt1680138,3.0
9198430,9198430,22613,1.0,tt1680138,3.0
9198432,9198432,23040,1.5,tt1680138,3.0
9198438,9198438,23367,2.0,tt1680138,3.0
9198444,9198444,23854,2.0,tt1680138,3.0
9198445,9198445,23891,1.5,tt1680138,3.0
9198446,9198446,23932,1.0,tt1680138,3.0
9198448,9198448,24166,1.5,tt1680138,3.0
9198458,9198458,25559,1.0,tt1680138,3.0
9198461,9198461,25731,1.5,tt1680138,3.0
9198466,9198466,26865,0.5,tt1680138,3.0
9198479,9198479,27669,2.0,tt1680138,3.0
9198490,9198490,28373,0.5,tt1680138,3.0
9198491,9198491,28443,1.0,tt1680138,3.0
9198499,9198499,29644,1.0,tt1680138,3.0
9198501,9198501,29687,2.0,tt1680138,3.0
9198502,9198502,29713,2.0,tt1680138,3.0
9198507,9198507,30102,2.0,tt1680138,3.0
9198516,9198516,30835,2.0,tt1680138,3.0
9198519,9198519,31085,2.0,tt1680138,3.0
9198526,9198526,31896,2.0,tt1680138,3.0
9198528,9198528,32322,2.0,tt1680138,3.0
9198533,9198533,32839,2.0,tt1680138,3.0
9198550,9198550,35110,2.0,tt1680138,3.0
9198552,9198552,35233,2.0,tt1680138,3.0
9198559,9198559,35953,1.0,tt1680138,3.0
9198562,9198562,36343,1.0,tt1680138,3.0
9198564,9198564,36881,0.5,tt1680138,3.0
9198589,9198589,38513,1.5,tt1680138,3.0
9198590,9198590,38668,2.0,tt1680138,3.0
9198597,9198597,39379,2.0,tt1680138,3.0
9198603,9198603,40073,2.0,tt1680138,3.0
9198606,9198606,40446,2.0,tt1680138,3.0
9198611,9198611,40610,2.0,tt1680138,3.0
9198612,9198612,40811,2.0,tt1680138,3.0
9198613,9198613,40829,1.5,tt1680138,3.0
9198619,9198619,41518,2.0,tt1680138,3.0
9198624,9198624,42286,2.0,tt1680138,3.0
9198628,9198628,42801,1.5,tt1680138,3.0
9198629,9198629,42859,1.0,tt1680138,3.0
9198636,9198636,43694,2.0,tt1680138,3.0
9198641,9198641,44092,0.5,tt1680138,3.0
9198642,9198642,44095,2.0,tt1680138,3.0
9198648,9198648,44555,2.0,tt1680138,3.0
9198659,9198659,45236,2.0,tt1680138,3.0
9198675,9198675,46406,1.5,tt1680138,3.0
9198676,9198676,46431,1.0,tt1680138,3.0
9198686,9198686,47343,1.5,tt1680138,3.0
9198692,9198692,47995,0.5,tt1680138,3.0
9198709,9198709,49652,1.0,tt1680138,3.0
9198710,9198710,49658,2.0,tt1680138,3.0
9198715,9198715,50265,2.0,tt1680138,3.0
9198719,9198719,50720,0.5,tt1680138,3.0
9198720,9198720,50804,2.0,tt1680138,3.0
9198721,9198721,50904,1.0,tt1680138,3.0
9198722,9198722,50914,2.0,tt1680138,3.0
9198723,9198723,50962,1.0,tt1680138,3.0
9198724,9198724,51027,2.0,tt1680138,3.0
9198725,9198725,51159,1.5,tt1680138,3.0
9198728,9198728,51491,2.0,tt1680138,3.0
9198729,9198729,51828,1.5,tt1680138,3.0
9198748,9198748,54247,2.0,tt1680138,3.0
9198752,9198752,54560,1.5,tt1680138,3.0
9198753,9198753,54600,2.0,tt1680138,3.0
9198756,9198756,54852,1.0,tt1680138,3.0
9198769,9198769,55981,1.5,tt1680138,3.0
9198783,9198783,57822,1.5,tt1680138,3.0
9198787,9198787,57854,2.0,tt1680138,3.0
9198810,9198810,59933,2.0,tt1680138,3.0
9198818,9198818,60727,2.0,tt1680138,3.0
9198819,9198819,60742,2.0,tt1680138,3.0
9198837,9198837,62816,2.0,tt1680138,3.0
9198847,9198847,63769,1.0,tt1680138,3.0
9198848,9198848,63773,2.0,tt1680138,3.0
9198853,9198853,64060,2.0,tt1680138,3.0
9198856,9198856,64375,1.0,tt1680138,3.0
9198863,9198863,64829,1.0,tt1680138,3.0
9198864,9198864,65020,0.5,tt1680138,3.0
9198868,9198868,65247,0.5,tt1680138,3.0
9198875,9198875,65889,1.0,tt1680138,3.0
9198878,9198878,66064,2.0,tt1680138,3.0
9198886,9198886,66555,1.5,tt1680138,3.0
9198889,9198889,66927,0.5,tt1680138,3.0
9198895,9198895,67224,2.0,tt1680138,3.0
9198897,9198897,67420,2.0,tt1680138,3.0
9198900,9198900,67924,2.0,tt1680138,3.0
9198902,9198902,68148,2.0,tt1680138,3.0
9198904,9198904,68318,1.0,tt1680138,3.0
9198906,9198906,68352,2.0,tt1680138,3.0
9198909,9198909,68587,2.0,tt1680138,3.0
9198925,9198925,70432,2.0,tt1680138,3.0
9198927,9198927,70667,1.5,tt1680138,3.0
9198932,9198932,71282,1.5,tt1680138,3.0
9198943,9198943,73229,2.0,tt1680138,3.0
9198945,9198945,73360,0.5,tt1680138,3.0
9198946,9198946,73543,2.0,tt1680138,3.0
9198953,9198953,74109,1.5,tt1680138,3.0
9198955,9198955,74324,2.0,tt1680138,3.0
9198967,9198967,75113,2.0,tt1680138,3.0
9198968,9198968,75142,1.5,tt1680138,3.0
9198969,9198969,75229,2.0,tt1680138,3.0
9198972,9198972,75396,1.5,tt1680138,3.0
9198976,9198976,75505,2.0,tt1680138,3.0
9198983,9198983,76009,2.0,tt1680138,3.0
9198987,9198987,76664,1.5,tt1680138,3.0
9198999,9198999,77689,0.5,tt1680138,3.0
9199001,9199001,77912,1.0,tt1680138,3.0
9199002,9199002,78081,1.0,tt1680138,3.0
9199006,9199006,78447,2.0,tt1680138,3.0
9199010,9199010,79415,2.0,tt1680138,3.0
9199016,9199016,79643,2.0,tt1680138,3.0
9199034,9199034,80813,1.5,tt1680138,3.0
9199037,9199037,80989,2.0,tt1680138,3.0
9199043,9199043,81717,1.0,tt1680138,3.0
9199044,9199044,81726,1.5,tt1680138,3.0
9199050,9199050,82186,2.0,tt1680138,3.0
9199054,9199054,82669,2.0,tt1680138,3.0
9199062,9199062,83584,1.5,tt1680138,3.0
9199064,9199064,83744,2.0,tt1680138,3.0
9199067,9199067,84078,1.5,tt1680138,3.0
9199073,9199073,84382,0.5,tt1680138,3.0
9199074,9199074,84495,2.0,tt1680138,3.0
9199077,9199077,84900,2.0,tt1680138,3.0
9199080,9199080,85425,2.0,tt1680138,3.0
9199084,9199084,85991,2.0,tt1680138,3.0
9199089,9199089,86324,2.0,tt1680138,3.0
9199090,9199090,86459,2.0,tt1680138,3.0
9199091,9199091,86476,1.0,tt1680138,3.0
9199097,9199097,86781,2.0,tt1680138,3.0
9199101,9199101,87108,1.0,tt1680138,3.0
9199102,9199102,87194,1.5,tt1680138,3.0
9199106,9199106,87732,2.0,tt1680138,3.0
9199107,9199107,87754,0.5,tt1680138,3.0
9199118,9199118,88432,1.0,tt1680138,3.0
9199125,9199125,89382,2.0,tt1680138,3.0
9199133,9199133,89852,2.0,tt1680138,3.0
9199139,9199139,90309,2.0,tt1680138,3.0
9199146,9199146,90619,2.0,tt1680138,3.0
9199161,9199161,92245,0.5,tt1680138,3.0
9199171,9199171,92893,1.5,tt1680138,3.0
9199172,9199172,92948,0.5,tt1680138,3.0
9199176,9199176,93028,2.0,tt1680138,3.0
9199178,9199178,93243,2.0,tt1680138,3.0
9199182,9199182,93620,2.0,tt1680138,3.0
9199186,9199186,93917,2.0,tt1680138,3.0
9199189,9199189,94297,1.5,tt1680138,3.0
9199195,9199195,94882,2.0,tt1680138,3.0
9199196,9199196,94927,2.0,tt1680138,3.0
9199217,9199217,96517,1.0,tt1680138,3.0
9199221,9199221,97019,1.5,tt1680138,3.0
9199232,9199232,98127,2.0,tt1680138,3.0
9199239,9199239,98519,2.0,tt1680138,3.0
9199244,9199244,99222,1.5,tt1680138,3.0
9199246,9199246,99318,0.5,tt1680138,3.0
9199250,9199250,99556,2.0,tt1680138,3.0
9199254,9199254,100090,2.0,tt1680138,3.0
9199265,9199265,101277,2.0,tt1680138,3.0
9199266,9199266,101355,0.5,tt1680138,3.0
9199268,9199268,101462,1.5,tt1680138,3.0
9199273,9199273,101846,1.5,tt1680138,3.0
9199280,9199280,102651,2.0,tt1680138,3.0
9199293,9199293,103913,2.0,tt1680138,3.0
9199294,9199294,103987,2.0,tt1680138,3.0
9199297,9199297,104228,1.0,tt1680138,3.0
9199302,9199302,104946,1.0,tt1680138,3.0
9199311,9199311,105924,2.0,tt1680138,3.0
9199320,9199320,107561,2.0,tt1680138,3.0
9199323,9199323,107853,1.0,tt1680138,3.0
9199325,9199325,108082,0.5,tt1680138,3.0
9199338,9199338,109016,2.0,tt1680138,3.0
9199341,9199341,109229,1.0,tt1680138,3.0
9199343,9199343,109370,2.0,tt1680138,3.0
9199344,9199344,109414,1.5,tt1680138,3.0
9199347,9199347,109639,1.0,tt1680138,3.0
9199369,9199369,111649,2.0,tt1680138,3.0
9199373,9199373,111939,1.0,tt1680138,3.0
9199379,9199379,112757,1.5,tt1680138,3.0
9199388,9199388,113814,1.0,tt1680138,3.0
9199390,9199390,113922,1.5,tt1680138,3.0
9199392,9199392,114168,2.0,tt1680138,3.0
9199396,9199396,114440,1.5,tt1680138,3.0
9199398,9199398,115016,2.0,tt1680138,3.0
9199401,9199401,115225,2.0,tt1680138,3.0
9199402,9199402,115381,2.0,tt1680138,3.0
9199409,9199409,115949,1.0,tt1680138,3.0
9199415,9199415,116933,1.5,tt1680138,3.0
9199417,9199417,117081,0.5,tt1680138,3.0
9199419,9199419,117338,0.5,tt1680138,3.0
9199422,9199422,117950,1.5,tt1680138,3.0
9199436,9199436,119044,2.0,tt1680138,3.0
9199439,9199439,119447,0.5,tt1680138,3.0
9199440,9199440,119457,2.0,tt1680138,3.0
9199450,9199450,119973,1.5,tt1680138,3.0
9199453,9199453,120095,1.0,tt1680138,3.0
9199454,9199454,120142,2.0,tt1680138,3.0
9199458,9199458,120295,2.0,tt1680138,3.0
9199464,9199464,120791,2.0,tt1680138,3.0
9199466,9199466,121031,2.0,tt1680138,3.0
9199469,9199469,121121,1.0,tt1680138,3.0
9199476,9199476,121421,2.0,tt1680138,3.0
9199478,9199478,121748,1.5,tt1680138,3.0
9199480,9199480,121946,0.5,tt1680138,3.0
9199489,9199489,122838,1.0,tt1680138,3.0
9199491,9199491,122987,1.0,tt1680138,3.0
9199509,9199509,124420,1.0,tt1680138,3.0
9199512,9199512,124485,2.0,tt1680138,3.0
9199517,9199517,125266,2.0,tt1680138,3.0
9199518,9199518,125353,1.0,tt1680138,3.0
9199523,9199523,125863,2.0,tt1680138,3.0
9199525,9199525,125966,1.0,tt1680138,3.0
9199532,9199532,126986,1.0,tt1680138,3.0
9199539,9199539,127458,1.0,tt1680138,3.0
9199541,9199541,127581,1.0,tt1680138,3.0
9199543,9199543,127934,1.5,tt1680138,3.0
9199544,9199544,128363,2.0,tt1680138,3.0
9199545,9199545,128396,1.0,tt1680138,3.0
9199546,9199546,128429,2.0,tt1680138,3.0
9199548,9199548,128642,2.0,tt1680138,3.0
9199569,9199569,130412,0.5,tt1680138,3.0
9199573,9199573,130735,1.5,tt1680138,3.0
9199583,9199583,131506,0.5,tt1680138,3.0
9199588,9199588,132274,2.0,tt1680138,3.0
9199590,9199590,132370,1.5,tt1680138,3.0
9199595,9199595,132688,2.0,tt1680138,3.0
9199602,9199602,133182,1.5,tt1680138,3.0
9199606,9199606,133827,2.0,tt1680138,3.0
9199607,9199607,133880,0.5,tt1680138,3.0
9199609,9199609,134049,2.0,tt1680138,3.0
9199612,9199612,134408,1.0,tt1680138,3.0
9199616,9199616,134656,2.0,tt1680138,3.0
9199628,9199628,135840,2.0,tt1680138,3.0
9199632,9199632,136340,1.5,tt1680138,3.0
9199642,9199642,138060,2.0,tt1680138,3.0
9199645,9199645,138181,1.5,tt1680138,3.0
9199658,9199658,139239,2.0,tt1680138,3.0
9199659,9199659,139302,1.5,tt1680138,3.0
9199661,9199661,139901,2.0,tt1680138,3.0
9199665,9199665,140054,1.5,tt1680138,3.0
9199674,9199674,140801,1.5,tt1680138,3.0
9199680,9199680,141304,2.0,tt1680138,3.0
9199683,9199683,141410,2.0,tt1680138,3.0
9199688,9199688,141690,0.5,tt1680138,3.0
9199690,9199690,141876,2.0,tt1680138,3.0
9199706,9199706,143140,2.0,tt1680138,3.0
9199719,9199719,144337,1.0,tt1680138,3.0
9199721,9199721,144406,1.5,tt1680138,3.0
9199725,9199725,144727,2.0,tt1680138,3.0
9199734,9199734,145649,2.0,tt1680138,3.0
9199737,9199737,145951,1.5,tt1680138,3.0
9199748,9199748,147340,1.5,tt1680138,3.0
9199755,9199755,148029,2.0,tt1680138,3.0
9199764,9199764,148623,1.5,tt1680138,3.0
9199765,9199765,148750,1.5,tt1680138,3.0
9199766,9199766,148994,2.0,tt1680138,3.0
9199770,9199770,149204,2.0,tt1680138,3.0
9199780,9199780,150293,1.0,tt1680138,3.0
9199784,9199784,150728,1.0,tt1680138,3.0
9199796,9199796,151812,0.5,tt1680138,3.0
9199797,9199797,151923,1.5,tt1680138,3.0
9199798,9199798,151973,2.0,tt1680138,3.0
9199801,9199801,152681,1.0,tt1680138,3.0
9199805,9199805,152878,2.0,tt1680138,3.0
9199812,9199812,153530,1.5,tt1680138,3.0
9199828,9199828,155053,2.0,tt1680138,3.0
9199829,9199829,155158,2.0,tt1680138,3.0
9199834,9199834,155633,1.5,tt1680138,3.0
9199838,9199838,156054,0.5,tt1680138,3.0
9199839,9199839,156171,2.0,tt1680138,3.0
9199848,9199848,157119,0.5,tt1680138,3.0
9199853,9199853,158034,0.5,tt1680138,3.0
9199854,9199854,158679,2.0,tt1680138,3.0
9199857,9199857,158838,2.0,tt1680138,3.0
9199859,9199859,158864,2.0,tt1680138,3.0
9199861,9199861,159215,2.0,tt1680138,3.0
9199872,9199872,160490,1.0,tt1680138,3.0
9199874,9199874,160569,2.0,tt1680138,3.0
9199877,9199877,160688,2.0,tt1680138,3.0
9199879,9199879,160804,2.0,tt1680138,3.0
9199897,9199897,162140,2.0,tt1680138,3.0
9199899,9199899,162281,1.0,tt1680138,3.0
9199910,9199910,163152,2.0,tt1680138,3.0
9199917,9199917,163472,2.0,tt1680138,3.0
9199920,9199920,163859,2.0,tt1680138,3.0
9199926,9199926,164328,1.5,tt1680138,3.0
9199931,9199931,164560,2.0,tt1680138,3.0
9199934,9199934,165092,2.0,tt1680138,3.0
9199938,9199938,165352,0.5,tt1680138,3.0
9199941,9199941,165527,1.5,tt1680138,3.0
9199953,9199953,166939,1.0,tt1680138,3.0
9199954,9199954,167148,2.0,tt1680138,3.0
9199960,9199960,167809,1.0,tt1680138,3.0
9199961,9199961,167850,1.5,tt1680138,3.0
9199962,9199962,167900,1.0,tt1680138,3.0
9199965,9199965,168106,1.5,tt1680138,3.0
9199978,9199978,168802,0.5,tt1680138,3.0
9200010,9200010,170718,2.0,tt1680138,3.0
9200013,9200013,171275,2.0,tt1680138,3.0
9200015,9200015,171506,1.0,tt1680138,3.0
9200029,9200029,172992,2.0,tt1680138,3.0
9200034,9200034,173627,2.0,tt1680138,3.0
9200038,9200038,173979,1.5,tt1680138,3.0
9200039,9200039,174022,2.0,tt1680138,3.0
9200041,9200041,174159,2.0,tt1680138,3.0
9200044,9200044,174225,1.5,tt1680138,3.0
9200049,9200049,174534,0.5,tt1680138,3.0
9200064,9200064,175924,2.0,tt1680138,3.0
9200088,9200088,177915,1.5,tt1680138,3.0
9200089,9200089,177956,2.0,tt1680138,3.0
9200092,9200092,178351,1.0,tt1680138,3.0
9200103,9200103,179383,1.5,tt1680138,3.0
9200108,9200108,179963,2.0,tt1680138,3.0
9200112,9200112,180457,2.0,tt1680138,3.0
9200114,9200114,180638,1.0,tt1680138,3.0
9200120,9200120,180953,0.5,tt1680138,3.0
9200121,9200121,181182,2.0,tt1680138,3.0
9200130,9200130,182298,2.0,tt1680138,3.0
9200135,9200135,182803,2.0,tt1680138,3.0
9200139,9200139,183181,2.0,tt1680138,3.0
9200144,9200144,183643,1.0,tt1680138,3.0
9200150,9200150,184300,1.0,tt1680138,3.0
9200155,9200155,185269,0.5,tt1680138,3.0
9200157,9200157,185548,0.5,tt1680138,3.0
9200163,9200163,186046,2.0,tt1680138,3.0
9200171,9200171,186927,2.0,tt1680138,3.0
9200181,9200181,187438,2.0,tt1680138,3.0
9200193,9200193,188391,1.0,tt1680138,3.0
9200199,9200199,188842,0.5,tt1680138,3.0
9200203,9200203,189290,1.0,tt1680138,3.0
9200205,9200205,189452,0.5,tt1680138,3.0
9200212,9200212,189846,1.5,tt1680138,3.0
9200219,9200219,190507,1.5,tt1680138,3.0
9200220,9200220,190640,2.0,tt1680138,3.0
9200221,9200221,190682,1.0,tt1680138,3.0
9200230,9200230,191303,2.0,tt1680138,3.0
9200238,9200238,192634,1.0,tt1680138,3.0
9200242,9200242,193444,2.0,tt1680138,3.0
9200243,9200243,193447,1.0,tt1680138,3.0
9200244,9200244,193456,2.0,tt1680138,3.0
9200245,9200245,193481,2.0,tt1680138,3.0
9200250,9200250,193772,2.0,tt1680138,3.0
9200251,9200251,193953,1.0,tt1680138,3.0
9200257,9200257,194441,1.5,tt1680138,3.0
9200263,9200263,194880,2.0,tt1680138,3.0
9200280,9200280,196365,0.5,tt1680138,3.0
9200290,9200290,197573,0.5,tt1680138,3.0
9200297,9200297,198482,0.5,tt1680138,3.0
9200301,9200301,198849,2.0,tt1680138,3.0
9200305,9200305,199243,2.0,tt1680138,3.0
9200307,9200307,199762,0.5,tt1680138,3.0
9200311,9200311,200303,2.0,tt1680138,3.0
9200317,9200317,200675,2.0,tt1680138,3.0
9200325,9200325,201948,2.0,tt1680138,3.0
9200330,9200330,202640,1.0,tt1680138,3.0
9200331,9200331,202727,0.5,tt1680138,3.0
9200336,9200336,203187,1.5,tt1680138,3.0
9200342,9200342,203941,2.0,tt1680138,3.0
9200346,9200346,204279,1.0,tt1680138,3.0
9200357,9200357,205612,1.0,tt1680138,3.0
9200359,9200359,205695,1.5,tt1680138,3.0
9200362,9200362,205982,2.0,tt1680138,3.0
9200365,9200365,206459,0.5,tt1680138,3.0
9200369,9200369,206842,0.5,tt1680138,3.0
9200374,9200374,207070,1.0,tt1680138,3.0
9200382,9200382,207890,0.5,tt1680138,3.0
9200386,9200386,208131,0.5,tt1680138,3.0
9200387,9200387,208241,2.0,tt1680138,3.0
9200396,9200396,209454,1.5,tt1680138,3.0
9200403,9200403,210215,1.0,tt1680138,3.0
9200405,9200405,210370,2.0,tt1680138,3.0
9200412,9200412,211501,2.0,tt1680138,3.0
9200417,9200417,212079,1.5,tt1680138,3.0
9200420,9200420,212291,2.0,tt1680138,3.0
9200427,9200427,212944,2.0,tt1680138,3.0
9200432,9200432,213848,1.5,tt1680138,3.0
9200440,9200440,214734,2.0,tt1680138,3.0
9200441,9200441,214928,2.0,tt1680138,3.0
9200442,9200442,214982,2.0,tt1680138,3.0
9200447,9200447,215662,2.0,tt1680138,3.0
9200450,9200450,215908,2.0,tt1680138,3.0
9200457,9200457,216437,1.0,tt1680138,3.0
9200462,9200462,216641,2.0,tt1680138,3.0
9200465,9200465,216983,0.5,tt1680138,3.0
9200470,9200470,217322,0.5,tt1680138,3.0
9200487,9200487,218994,2.0,tt1680138,3.0
9200488,9200488,219004,0.5,tt1680138,3.0
9200494,9200494,219308,2.0,tt1680138,3.0
9200496,9200496,219447,2.0,tt1680138,3.0
9200497,9200497,219677,1.5,tt1680138,3.0
9200507,9200507,220337,2.0,tt1680138,3.0
9200512,9200512,220734,2.0,tt1680138,3.0
9200525,9200525,221548,2.0,tt1680138,3.0
9200532,9200532,222084,2.0,tt1680138,3.0
9200551,9200551,224378,2.0,tt1680138,3.0
9200562,9200562,225352,0.5,tt1680138,3.0
9200564,9200564,225464,1.0,tt1680138,3.0
9200566,9200566,225578,1.5,tt1680138,3.0
9200572,9200572,226236,1.0,tt1680138,3.0
9200578,9200578,226949,1.5,tt1680138,3.0
9200587,9200587,227695,2.0,tt1680138,3.0
9200588,9200588,227743,2.0,tt1680138,3.0
9200590,9200590,228189,2.0,tt1680138,3.0
9200596,9200596,228652,1.5,tt1680138,3.0
9200602,9200602,229258,1.5,tt1680138,3.0
9200606,9200606,229440,1.5,tt1680138,3.0
9200609,9200609,229780,1.0,tt1680138,3.0
9200614,9200614,230225,2.0,tt1680138,3.0
9200616,9200616,230417,0.5,tt1680138,3.0
9200622,9200622,230877,2.0,tt1680138,3.0
9200623,9200623,231067,1.5,tt1680138,3.0
9200628,9200628,231258,2.0,tt1680138,3.0
9200631,9200631,231445,1.5,tt1680138,3.0
9200642,9200642,232798,2.0,tt1680138,3.0
9200644,9200644,232921,2.0,tt1680138,3.0
9200645,9200645,232955,1.0,tt1680138,3.0
9200649,9200649,233395,2.0,tt1680138,3.0
9200666,9200666,235024,2.0,tt1680138,3.0
9200671,9200671,235185,1.5,tt1680138,3.0
9200676,9200676,235884,1.5,tt1680138,3.0
9200683,9200683,236204,1.0,tt1680138,3.0
9200685,9200685,236340,1.5,tt1680138,3.0
9200686,9200686,236423,1.0,tt1680138,3.0
9200687,9200687,236453,0.5,tt1680138,3.0
9200703,9200703,237762,0.5,tt1680138,3.0
9200704,9200704,237864,2.0,tt1680138,3.0
9200708,9200708,238289,2.0,tt1680138,3.0
9200713,9200713,239091,0.5,tt1680138,3.0
9200719,9200719,239408,0.5,tt1680138,3.0
9200723,9200723,239556,2.0,tt1680138,3.0
9200727,9200727,239753,2.0,tt1680138,3.0
9200737,9200737,240371,2.0,tt1680138,3.0
9200743,9200743,240694,2.0,tt1680138,3.0
9200750,9200750,241177,2.0,tt1680138,3.0
9200765,9200765,242144,2.0,tt1680138,3.0
9200766,9200766,242220,2.0,tt1680138,3.0
9200767,9200767,242242,1.5,tt1680138,3.0
9200768,9200768,242295,2.0,tt1680138,3.0
9200771,9200771,242770,0.5,tt1680138,3.0
9200778,9200778,243282,2.0,tt1680138,3.0
9200782,9200782,243443,1.0,tt1680138,3.0
9200783,9200783,243485,1.0,tt1680138,3.0
9200791,9200791,244499,1.0,tt1680138,3.0
9200792,9200792,244933,2.0,tt1680138,3.0
9200794,9200794,245158,1.0,tt1680138,3.0
9200797,9200797,245411,2.0,tt1680138,3.0
9200798,9200798,245435,2.0,tt1680138,3.0
9200802,9200802,245797,1.0,tt1680138,3.0
9200811,9200811,246564,1.5,tt1680138,3.0
9200812,9200812,246682,1.0,tt1680138,3.0
9200813,9200813,246714,1.5,tt1680138,3.0
9200827,9200827,248449,2.0,tt1680138,3.0
9200831,9200831,248783,2.0,tt1680138,3.0
9200844,9200844,250115,2.0,tt1680138,3.0
9200850,9200850,250662,2.0,tt1680138,3.0
9200855,9200855,251174,1.0,tt1680138,3.0
9200862,9200862,251708,2.0,tt1680138,3.0
9200863,9200863,251794,0.5,tt1680138,3.0
9200871,9200871,252466,1.0,tt1680138,3.0
9200872,9200872,252469,1.0,tt1680138,3.0
9200873,9200873,252505,2.0,tt1680138,3.0
9200885,9200885,253222,1.0,tt1680138,3.0
9200889,9200889,254023,2.0,tt1680138,3.0
9200898,9200898,254858,2.0,tt1680138,3.0
9200913,9200913,255934,2.0,tt1680138,3.0
9200918,9200918,256561,2.0,tt1680138,3.0
9200930,9200930,257532,2.0,tt1680138,3.0
9200935,9200935,257875,2.0,tt1680138,3.0
9200937,9200937,258350,2.0,tt1680138,3.0
9200942,9200942,258622,1.5,tt1680138,3.0
9200967,9200967,261171,0.5,tt1680138,3.0
9200970,9200970,261381,0.5,tt1680138,3.0
9200978,9200978,261933,2.0,tt1680138,3.0
9200979,9200979,261965,1.5,tt1680138,3.0
9200991,9200991,262767,2.0,tt1680138,3.0
9200993,9200993,262926,2.0,tt1680138,3.0
9200994,9200994,262938,0.5,tt1680138,3.0
9201000,9201000,263264,2.0,tt1680138,3.0
9201001,9201001,263311,0.5,tt1680138,3.0
9201008,9201008,263756,2.0,tt1680138,3.0
9201014,9201014,264330,1.0,tt1680138,3.0
9201015,9201015,264368,1.0,tt1680138,3.0
9201018,9201018,264780,2.0,tt1680138,3.0
9201019,9201019,264895,2.0,tt1680138,3.0
9201025,9201025,265200,2.0,tt1680138,3.0
9201029,9201029,265563,2.0,tt1680138,3.0
9201032,9201032,265689,2.0,tt1680138,3.0
9201035,9201035,265965,0.5,tt1680138,3.0
9201043,9201043,266456,0.5,tt1680138,3.0
9201071,9201071,268670,2.0,tt1680138,3.0
9201072,9201072,268765,0.5,tt1680138,3.0
9201081,9201081,269770,1.0,tt1680138,3.0
9201084,9201084,270123,1.0,tt1680138,3.0
9201086,9201086,270443,1.5,tt1680138,3.0
9201091,9201091,270887,2.0,tt1680138,3.0
9283957,9283957,7155,2.0,tt2151543,2.8
9284101,9284101,11581,0.5,tt2175671,2.4
9284111,9284111,34874,2.0,tt2175671,2.4
9284124,9284124,58727,2.0,tt2175671,2.4
9284164,9284164,165822,2.0,tt2175671,2.4
9284174,9284174,194865,2.0,tt2175671,2.4
9284188,9284188,236054,2.0,tt2175671,2.4
9284198,9284198,254204,2.0,tt2175671,2.4
9289685,9289685,194865,1.0,tt2190421,2.3
9299412,9299412,11290,2.0,tt2324928,2.7
9299417,9299417,59482,0.5,tt2324928,2.7
9299600,9299600,122412,0.5,tt2381962,2.5
